Date,Open,High,Low,Close,Adj Close,Volume,company_name
2023-07-31,196.05999755859375,196.49000549316406,195.25999450683594,196.4499969482422,195.41221618652344,38824100,APPLE
2023-08-01,196.24000549316406,196.72999572753906,195.27999877929688,195.61000061035156,194.57664489746094,35175100,APPLE
2023-08-02,195.0399932861328,195.17999267578125,191.85000610351562,192.5800018310547,191.56265258789062,50389300,APPLE
2023-08-03,191.57000732421875,192.3699951171875,190.69000244140625,191.1699981689453,190.16012573242188,61235200,APPLE
2023-08-04,185.52000427246094,187.3800048828125,181.9199981689453,181.99000549316406,181.0286102294922,115799700,APPLE
2023-08-07,182.1300048828125,183.1300048828125,177.35000610351562,178.85000610351562,177.90518188476562,97576100,APPLE
2023-08-08,179.69000244140625,180.27000427246094,177.5800018310547,179.8000030517578,178.85015869140625,67823000,APPLE
2023-08-09,180.8699951171875,180.92999267578125,177.00999450683594,178.19000244140625,177.24867248535156,60378500,APPLE
2023-08-10,179.47999572753906,180.75,177.60000610351562,177.97000122070312,177.02984619140625,54686900,APPLE
2023-08-11,177.32000732421875,178.6199951171875,176.5500030517578,177.7899932861328,177.08961486816406,51988100,APPLE
2023-08-14,177.97000122070312,179.69000244140625,177.30999755859375,179.4600067138672,178.75303649902344,43675600,APPLE
2023-08-15,178.8800048828125,179.47999572753906,177.0500030517578,177.4499969482422,176.75094604492188,43622600,APPLE
2023-08-16,177.1300048828125,178.5399932861328,176.5,176.57000732421875,175.87442016601562,46964900,APPLE
2023-08-17,177.13999938964844,177.50999450683594,173.47999572753906,174.0,173.3145294189453,66062900,APPLE
2023-08-18,172.3000030517578,175.10000610351562,171.9600067138672,174.49000549316406,173.80262756347656,61114200,APPLE
2023-08-21,175.07000732421875,176.1300048828125,173.74000549316406,175.83999633789062,175.14727783203125,46311900,APPLE
2023-08-22,177.05999755859375,177.67999267578125,176.25,177.22999572753906,176.53179931640625,42084200,APPLE
2023-08-23,178.52000427246094,181.5500030517578,178.3300018310547,181.1199951171875,180.40647888183594,52722800,APPLE
2023-08-24,180.6699981689453,181.10000610351562,176.00999450683594,176.3800048828125,175.68516540527344,54945800,APPLE
2023-08-25,177.3800048828125,179.14999389648438,175.82000732421875,178.61000061035156,177.9063720703125,51449600,APPLE
2023-08-28,180.08999633789062,180.58999633789062,178.5500030517578,180.19000244140625,179.48016357421875,43820700,APPLE
2023-08-29,179.6999969482422,184.89999389648438,179.5,184.1199951171875,183.3946533203125,53003900,APPLE
2023-08-30,184.94000244140625,187.85000610351562,184.74000549316406,187.64999389648438,186.91075134277344,60813900,APPLE
2023-08-31,187.83999633789062,189.1199951171875,187.47999572753906,187.8699951171875,187.12989807128906,60794500,APPLE
2023-09-01,189.49000549316406,189.9199981689453,188.27999877929688,189.4600067138672,188.71365356445312,45732600,APPLE
2023-09-05,188.27999877929688,189.97999572753906,187.61000061035156,189.6999969482422,188.9526824951172,45280000,APPLE
2023-09-06,188.39999389648438,188.85000610351562,181.47000122070312,182.91000366210938,182.18943786621094,81755800,APPLE
2023-09-07,175.17999267578125,178.2100067138672,173.5399932861328,177.55999755859375,176.86050415039062,112488800,APPLE
2023-09-08,178.35000610351562,180.24000549316406,177.7899932861328,178.17999267578125,177.47805786132812,65551300,APPLE
2023-09-11,180.07000732421875,180.3000030517578,177.33999633789062,179.36000061035156,178.65341186523438,58953100,APPLE
2023-09-12,179.49000549316406,180.1300048828125,174.82000732421875,176.3000030517578,175.60548400878906,90370200,APPLE
2023-09-13,176.50999450683594,177.3000030517578,173.97999572753906,174.2100067138672,173.52371215820312,84267900,APPLE
2023-09-14,174.0,176.10000610351562,173.5800018310547,175.74000549316406,175.0476837158203,60895800,APPLE
2023-09-15,176.47999572753906,176.5,173.82000732421875,175.00999450683594,174.32054138183594,109205100,APPLE
2023-09-18,176.47999572753906,179.3800048828125,176.1699981689453,177.97000122070312,177.26890563964844,67257600,APPLE
2023-09-19,177.52000427246094,179.6300048828125,177.1300048828125,179.07000732421875,178.36456298828125,51826900,APPLE
2023-09-20,179.25999450683594,179.6999969482422,175.39999389648438,175.49000549316406,174.79867553710938,58436200,APPLE
2023-09-21,174.5500030517578,176.3000030517578,173.86000061035156,173.92999267578125,173.2447967529297,63047900,APPLE
2023-09-22,174.6699981689453,177.0800018310547,174.0500030517578,174.7899932861328,174.10142517089844,56725400,APPLE
2023-09-25,174.1999969482422,176.97000122070312,174.14999389648438,176.0800018310547,175.38633728027344,46172700,APPLE
2023-09-26,174.82000732421875,175.1999969482422,171.66000366210938,171.9600067138672,171.28257751464844,64588900,APPLE
2023-09-27,172.6199951171875,173.0399932861328,169.0500030517578,170.42999267578125,169.7585906982422,66921800,APPLE
2023-09-28,169.33999633789062,172.02999877929688,167.6199951171875,170.69000244140625,170.017578125,56294400,APPLE
2023-09-29,172.02000427246094,173.07000732421875,170.33999633789062,171.2100067138672,170.53553771972656,51814200,APPLE
2023-10-02,171.22000122070312,174.3000030517578,170.92999267578125,173.75,173.0655059814453,52164500,APPLE
2023-10-03,172.25999450683594,173.6300048828125,170.82000732421875,172.39999389648438,171.72084045410156,49594600,APPLE
2023-10-04,171.08999633789062,174.2100067138672,170.97000122070312,173.66000366210938,172.9758758544922,53020300,APPLE
2023-10-05,173.7899932861328,175.4499969482422,172.67999267578125,174.91000366210938,174.22096252441406,48527900,APPLE
2023-10-06,173.8000030517578,177.99000549316406,173.17999267578125,177.49000549316406,176.79078674316406,57224100,APPLE
2023-10-09,176.80999755859375,179.0500030517578,175.8000030517578,178.99000549316406,178.28488159179688,42390800,APPLE
2023-10-10,178.10000610351562,179.72000122070312,177.9499969482422,178.38999938964844,177.68724060058594,43698000,APPLE
2023-10-11,178.1999969482422,179.85000610351562,177.60000610351562,179.8000030517578,179.0916748046875,47551100,APPLE
2023-10-12,180.07000732421875,182.33999633789062,179.0399932861328,180.7100067138672,179.9980926513672,56743100,APPLE
2023-10-13,181.4199981689453,181.92999267578125,178.13999938964844,178.85000610351562,178.1454315185547,51427100,APPLE
2023-10-16,176.75,179.0800018310547,176.50999450683594,178.72000122070312,178.01593017578125,52517000,APPLE
2023-10-17,176.64999389648438,178.4199981689453,174.8000030517578,177.14999389648438,176.45211791992188,57549400,APPLE
2023-10-18,175.5800018310547,177.5800018310547,175.11000061035156,175.83999633789062,175.14727783203125,54764400,APPLE
2023-10-19,176.0399932861328,177.83999633789062,175.19000244140625,175.4600067138672,174.76878356933594,59302900,APPLE
2023-10-20,175.30999755859375,175.4199981689453,172.63999938964844,172.8800048828125,172.19895935058594,64189300,APPLE
2023-10-23,170.91000366210938,174.00999450683594,169.92999267578125,173.0,172.3184814453125,55980100,APPLE
2023-10-24,173.0500030517578,173.6699981689453,171.4499969482422,173.44000244140625,172.75674438476562,43816600,APPLE
2023-10-25,171.8800048828125,173.05999755859375,170.64999389648438,171.10000610351562,170.4259796142578,57157000,APPLE
2023-10-26,170.3699951171875,171.3800048828125,165.6699981689453,166.88999938964844,166.2325439453125,70625300,APPLE
2023-10-27,166.91000366210938,168.9600067138672,166.8300018310547,168.22000122070312,167.55731201171875,58499100,APPLE
2023-10-30,169.02000427246094,171.1699981689453,168.8699951171875,170.2899932861328,169.61912536621094,51131000,APPLE
2023-10-31,169.35000610351562,170.89999389648438,167.89999389648438,170.77000427246094,170.09725952148438,44846000,APPLE
2023-11-01,171.0,174.22999572753906,170.1199951171875,173.97000122070312,173.28465270996094,56934900,APPLE
2023-11-02,175.52000427246094,177.77999877929688,175.4600067138672,177.57000732421875,176.87046813964844,77334800,APPLE
2023-11-03,174.24000549316406,176.82000732421875,173.35000610351562,176.64999389648438,175.9541015625,79763700,APPLE
2023-11-06,176.3800048828125,179.42999267578125,176.2100067138672,179.22999572753906,178.52394104003906,63841300,APPLE
2023-11-07,179.17999267578125,182.44000244140625,178.97000122070312,181.82000732421875,181.10374450683594,70530000,APPLE
2023-11-08,182.35000610351562,183.4499969482422,181.58999633789062,182.88999938964844,182.1695098876953,49340300,APPLE
2023-11-09,182.9600067138672,184.1199951171875,181.80999755859375,182.41000366210938,181.69142150878906,53763500,APPLE
2023-11-10,183.97000122070312,186.57000732421875,183.52999877929688,186.39999389648438,185.9102783203125,66133400,APPLE
2023-11-13,185.82000732421875,186.02999877929688,184.2100067138672,184.8000030517578,184.31448364257812,43627500,APPLE
2023-11-14,187.6999969482422,188.11000061035156,186.3000030517578,187.44000244140625,186.9475555419922,60108400,APPLE
2023-11-15,187.85000610351562,189.5,187.77999877929688,188.00999450683594,187.51605224609375,53790500,APPLE
2023-11-16,189.57000732421875,190.9600067138672,188.64999389648438,189.7100067138672,189.21160888671875,54412900,APPLE
2023-11-17,190.25,190.3800048828125,188.57000732421875,189.69000244140625,189.191650390625,50922700,APPLE
2023-11-20,189.88999938964844,191.91000366210938,189.8800048828125,191.4499969482422,190.947021484375,46505100,APPLE
2023-11-21,191.41000366210938,191.52000427246094,189.74000549316406,190.63999938964844,190.13914489746094,38134500,APPLE
2023-11-22,191.49000549316406,192.92999267578125,190.8300018310547,191.30999755859375,190.80740356445312,39617700,APPLE
2023-11-24,190.8699951171875,190.89999389648438,189.25,189.97000122070312,189.4709014892578,24048300,APPLE
2023-11-27,189.9199981689453,190.6699981689453,188.89999389648438,189.7899932861328,189.29136657714844,40552600,APPLE
2023-11-28,189.77999877929688,191.0800018310547,189.39999389648438,190.39999389648438,189.89976501464844,38415400,APPLE
2023-11-29,190.89999389648438,192.08999633789062,188.97000122070312,189.3699951171875,188.8724822998047,43014200,APPLE
2023-11-30,189.83999633789062,190.32000732421875,188.19000244140625,189.9499969482422,189.45095825195312,48794400,APPLE
2023-12-01,190.3300018310547,191.55999755859375,189.22999572753906,191.24000549316406,190.73757934570312,45679300,APPLE
2023-12-04,189.97999572753906,190.0500030517578,187.4499969482422,189.42999267578125,188.93231201171875,43389500,APPLE
2023-12-05,190.2100067138672,194.39999389648438,190.17999267578125,193.4199981689453,192.91184997558594,66628400,APPLE
2023-12-06,194.4499969482422,194.75999450683594,192.11000061035156,192.32000732421875,191.8147430419922,41089700,APPLE
2023-12-07,193.6300048828125,195.0,193.58999633789062,194.27000427246094,193.75962829589844,47477700,APPLE
2023-12-08,194.1999969482422,195.99000549316406,193.6699981689453,195.7100067138672,195.1958465576172,53377300,APPLE
2023-12-11,193.11000061035156,193.49000549316406,191.4199981689453,193.17999267578125,192.6724853515625,60943700,APPLE
2023-12-12,193.0800018310547,194.72000122070312,191.72000122070312,194.7100067138672,194.19847106933594,52696900,APPLE
2023-12-13,195.08999633789062,198.0,194.85000610351562,197.9600067138672,197.43992614746094,70404200,APPLE
2023-12-14,198.02000427246094,199.6199951171875,196.16000366210938,198.11000061035156,197.5895233154297,66831600,APPLE
2023-12-15,197.52999877929688,198.39999389648438,197.0,197.57000732421875,197.0509490966797,128256700,APPLE
2023-12-18,196.08999633789062,196.6300048828125,194.38999938964844,195.88999938964844,195.3753662109375,55751900,APPLE
2023-12-19,196.16000366210938,196.9499969482422,195.88999938964844,196.94000244140625,196.422607421875,40714100,APPLE
2023-12-20,196.89999389648438,197.67999267578125,194.8300018310547,194.8300018310547,194.31814575195312,52242800,APPLE
2023-12-21,196.10000610351562,197.0800018310547,193.5,194.67999267578125,194.16851806640625,46482500,APPLE
2023-12-22,195.17999267578125,195.41000366210938,192.97000122070312,193.60000610351562,193.0913848876953,37122800,APPLE
2023-12-26,193.61000061035156,193.88999938964844,192.8300018310547,193.0500030517578,192.54281616210938,28919300,APPLE
2023-12-27,192.49000549316406,193.5,191.08999633789062,193.14999389648438,192.64254760742188,48087700,APPLE
2023-12-28,194.13999938964844,194.66000366210938,193.1699981689453,193.5800018310547,193.07142639160156,34049900,APPLE
2023-12-29,193.89999389648438,194.39999389648438,191.72999572753906,192.52999877929688,192.02418518066406,42628800,APPLE
2024-01-02,187.14999389648438,188.44000244140625,183.88999938964844,185.63999938964844,185.15228271484375,82488700,APPLE
2024-01-03,184.22000122070312,185.8800048828125,183.42999267578125,184.25,183.76593017578125,58414500,APPLE
2024-01-04,182.14999389648438,183.08999633789062,180.8800048828125,181.91000366210938,181.43209838867188,71983600,APPLE
2024-01-05,181.99000549316406,182.75999450683594,180.1699981689453,181.17999267578125,180.70399475097656,62303300,APPLE
2024-01-08,182.08999633789062,185.60000610351562,181.5,185.55999755859375,185.07249450683594,59144500,APPLE
2024-01-09,183.9199981689453,185.14999389648438,182.72999572753906,185.13999938964844,184.65359497070312,42841800,APPLE
2024-01-10,184.35000610351562,186.39999389648438,183.9199981689453,186.19000244140625,185.7008514404297,46792900,APPLE
2024-01-11,186.5399932861328,187.0500030517578,183.6199951171875,185.58999633789062,185.1024169921875,49128400,APPLE
2024-01-12,186.05999755859375,186.74000549316406,185.19000244140625,185.9199981689453,185.43154907226562,40444700,APPLE
2024-01-16,182.16000366210938,184.25999450683594,180.92999267578125,183.6300048828125,183.14756774902344,65603000,APPLE
2024-01-17,181.27000427246094,182.92999267578125,180.3000030517578,182.67999267578125,182.20005798339844,47317400,APPLE
2024-01-18,186.08999633789062,189.13999938964844,185.8300018310547,188.6300048828125,188.13442993164062,78005800,APPLE
2024-01-19,189.3300018310547,191.9499969482422,188.82000732421875,191.55999755859375,191.05673217773438,68741000,APPLE
2024-01-22,192.3000030517578,195.3300018310547,192.25999450683594,193.88999938964844,193.38059997558594,60133900,APPLE
2024-01-23,195.02000427246094,195.75,193.8300018310547,195.17999267578125,194.66722106933594,42355600,APPLE
2024-01-24,195.4199981689453,196.3800048828125,194.33999633789062,194.5,193.98899841308594,53631300,APPLE
2024-01-25,195.22000122070312,196.27000427246094,193.11000061035156,194.1699981689453,193.65988159179688,54822100,APPLE
2024-01-26,194.27000427246094,194.75999450683594,191.94000244140625,192.4199981689453,191.9144744873047,44594000,APPLE
2024-01-29,192.00999450683594,192.1999969482422,189.5800018310547,191.72999572753906,191.2262725830078,47145600,APPLE
2024-01-30,190.94000244140625,191.8000030517578,187.47000122070312,188.0399932861328,187.5459747314453,55859400,APPLE
2024-01-31,187.0399932861328,187.10000610351562,184.35000610351562,184.39999389648438,183.91554260253906,55467800,APPLE
2024-02-01,183.99000549316406,186.9499969482422,183.82000732421875,186.86000061035156,186.3690948486328,64885400,APPLE
2024-02-02,179.86000061035156,187.3300018310547,179.25,185.85000610351562,185.3617401123047,102518000,APPLE
2024-02-05,188.14999389648438,189.25,185.83999633789062,187.67999267578125,187.18692016601562,69668800,APPLE
2024-02-06,186.86000061035156,189.30999755859375,186.77000427246094,189.3000030517578,188.80267333984375,43490800,APPLE
2024-02-07,190.63999938964844,191.0500030517578,188.61000061035156,189.41000366210938,188.91238403320312,53439000,APPLE
2024-02-08,189.38999938964844,189.5399932861328,187.35000610351562,188.32000732421875,187.82525634765625,40962000,APPLE
2024-02-09,188.64999389648438,189.99000549316406,188.0,188.85000610351562,188.59420776367188,45155200,APPLE
2024-02-12,188.4199981689453,188.6699981689453,186.7899932861328,187.14999389648438,186.89649963378906,41781900,APPLE
2024-02-13,185.77000427246094,186.2100067138672,183.50999450683594,185.0399932861328,184.7893524169922,56529500,APPLE
2024-02-14,185.32000732421875,185.52999877929688,182.44000244140625,184.14999389648438,183.9005584716797,54630500,APPLE
2024-02-15,183.5500030517578,184.49000549316406,181.35000610351562,183.86000061035156,183.6109619140625,65434500,APPLE
2024-02-16,183.4199981689453,184.85000610351562,181.6699981689453,182.30999755859375,182.06304931640625,49701400,APPLE
2024-02-20,181.7899932861328,182.42999267578125,180.0,181.55999755859375,181.31407165527344,53665600,APPLE
2024-02-21,181.94000244140625,182.88999938964844,180.66000366210938,182.32000732421875,182.07305908203125,41529700,APPLE
2024-02-22,183.47999572753906,184.9600067138672,182.4600067138672,184.3699951171875,184.12026977539062,52292200,APPLE
2024-02-23,185.00999450683594,185.0399932861328,182.22999572753906,182.52000427246094,182.2727813720703,45119700,APPLE
2024-02-26,182.24000549316406,182.75999450683594,180.64999389648438,181.16000366210938,180.9146270751953,40867400,APPLE
2024-02-27,181.10000610351562,183.9199981689453,179.55999755859375,182.6300048828125,182.38262939453125,54318900,APPLE
2024-02-28,182.50999450683594,183.1199951171875,180.1300048828125,181.4199981689453,181.17425537109375,48953900,APPLE
2024-02-29,181.27000427246094,182.57000732421875,179.52999877929688,180.75,180.5051727294922,136682600,APPLE
2024-03-01,179.5500030517578,180.52999877929688,177.3800048828125,179.66000366210938,179.41665649414062,73488000,APPLE
2024-03-04,176.14999389648438,176.89999389648438,173.7899932861328,175.10000610351562,174.86282348632812,81510100,APPLE
2024-03-05,170.75999450683594,172.0399932861328,169.6199951171875,170.1199951171875,169.8895721435547,95132400,APPLE
2024-03-06,171.05999755859375,171.24000549316406,168.67999267578125,169.1199951171875,168.8909149169922,68587700,APPLE
2024-03-07,169.14999389648438,170.72999572753906,168.49000549316406,169.0,168.77108764648438,71765100,APPLE
2024-03-08,169.0,173.6999969482422,168.94000244140625,170.72999572753906,170.4987335205078,76114600,APPLE
2024-03-11,172.94000244140625,174.3800048828125,172.0500030517578,172.75,172.51600646972656,60139500,APPLE
2024-03-12,173.14999389648438,174.02999877929688,171.00999450683594,173.22999572753906,172.99534606933594,59825400,APPLE
2024-03-13,172.77000427246094,173.19000244140625,170.75999450683594,171.1300048828125,170.89820861816406,52488700,APPLE
2024-03-14,172.91000366210938,174.30999755859375,172.0500030517578,173.0,172.7656707763672,72913500,APPLE
2024-03-15,171.1699981689453,172.6199951171875,170.2899932861328,172.6199951171875,172.3861846923828,121664700,APPLE
2024-03-18,175.57000732421875,177.7100067138672,173.52000427246094,173.72000122070312,173.4846954345703,75604200,APPLE
2024-03-19,174.33999633789062,176.61000061035156,173.02999877929688,176.0800018310547,175.84149169921875,55215200,APPLE
2024-03-20,175.72000122070312,178.6699981689453,175.08999633789062,178.6699981689453,178.42799377441406,53423100,APPLE
2024-03-21,177.0500030517578,177.49000549316406,170.83999633789062,171.3699951171875,171.13787841796875,106181300,APPLE
2024-03-22,171.75999450683594,173.0500030517578,170.05999755859375,172.27999877929688,172.04664611816406,71106600,APPLE
2024-03-25,170.57000732421875,171.94000244140625,169.4499969482422,170.85000610351562,170.61859130859375,54288300,APPLE
2024-03-26,170.0,171.4199981689453,169.5800018310547,169.7100067138672,169.48013305664062,57388400,APPLE
2024-03-27,170.41000366210938,173.60000610351562,170.11000061035156,173.30999755859375,173.0752410888672,60273300,APPLE
2024-03-28,171.75,172.22999572753906,170.50999450683594,171.47999572753906,171.2477264404297,65672700,APPLE
2024-04-01,171.19000244140625,171.25,169.47999572753906,170.02999877929688,169.79969787597656,46240500,APPLE
2024-04-02,169.0800018310547,169.33999633789062,168.22999572753906,168.83999633789062,168.61129760742188,49329500,APPLE
2024-04-03,168.7899932861328,170.67999267578125,168.5800018310547,169.64999389648438,169.42019653320312,47691700,APPLE
2024-04-04,170.2899932861328,171.9199981689453,168.82000732421875,168.82000732421875,168.59133911132812,53704400,APPLE
2024-04-05,169.58999633789062,170.38999938964844,168.9499969482422,169.5800018310547,169.3502960205078,42055200,APPLE
2024-04-08,169.02999877929688,169.1999969482422,168.24000549316406,168.4499969482422,168.22183227539062,37425500,APPLE
2024-04-09,168.6999969482422,170.0800018310547,168.35000610351562,169.6699981689453,169.44017028808594,42451200,APPLE
2024-04-10,168.8000030517578,169.08999633789062,167.11000061035156,167.77999877929688,167.552734375,49709300,APPLE
2024-04-11,168.33999633789062,175.4600067138672,168.16000366210938,175.0399932861328,174.8029022216797,91070300,APPLE
2024-04-12,174.25999450683594,178.36000061035156,174.2100067138672,176.5500030517578,176.3108673095703,101593300,APPLE
2024-04-15,175.36000061035156,176.6300048828125,172.5,172.69000244140625,172.45608520507812,73531800,APPLE
2024-04-16,171.75,173.75999450683594,168.27000427246094,169.3800048828125,169.15057373046875,73711200,APPLE
2024-04-17,169.61000061035156,170.64999389648438,168.0,168.0,167.77244567871094,50901200,APPLE
2024-04-18,168.02999877929688,168.63999938964844,166.5500030517578,167.0399932861328,166.81373596191406,43122900,APPLE
2024-04-19,166.2100067138672,166.39999389648438,164.0800018310547,165.0,164.77650451660156,67772100,APPLE
2024-04-22,165.52000427246094,167.25999450683594,164.77000427246094,165.83999633789062,165.6153564453125,48116400,APPLE
2024-04-23,165.35000610351562,167.0500030517578,164.9199981689453,166.89999389648438,166.67391967773438,49537800,APPLE
2024-04-24,166.5399932861328,169.3000030517578,166.2100067138672,169.02000427246094,168.7910614013672,48251800,APPLE
2024-04-25,169.52999877929688,170.61000061035156,168.14999389648438,169.88999938964844,169.65988159179688,50558300,APPLE
2024-04-26,169.8800048828125,171.33999633789062,169.17999267578125,169.3000030517578,169.0706787109375,44838400,APPLE
2024-04-29,173.3699951171875,176.02999877929688,173.10000610351562,173.5,173.26498413085938,68169400,APPLE
2024-04-30,173.3300018310547,174.99000549316406,170.0,170.3300018310547,170.0992889404297,65934800,APPLE
2024-05-01,169.5800018310547,172.7100067138672,169.11000061035156,169.3000030517578,169.0706787109375,50383100,APPLE
2024-05-02,172.50999450683594,173.4199981689453,170.88999938964844,173.02999877929688,172.79562377929688,94214900,APPLE
2024-05-03,186.64999389648438,187.0,182.66000366210938,183.3800048828125,183.13160705566406,163224100,APPLE
2024-05-06,182.35000610351562,184.1999969482422,180.4199981689453,181.7100067138672,181.46388244628906,78569700,APPLE
2024-05-07,183.4499969482422,184.89999389648438,181.32000732421875,182.39999389648438,182.15292358398438,77305800,APPLE
2024-05-08,182.85000610351562,183.07000732421875,181.4499969482422,182.74000549316406,182.4924774169922,45057100,APPLE
2024-05-09,182.55999755859375,184.66000366210938,182.11000061035156,184.57000732421875,184.32000732421875,48983000,APPLE
2024-05-10,184.89999389648438,185.08999633789062,182.1300048828125,183.0500030517578,183.0500030517578,50759500,APPLE
2024-05-13,185.44000244140625,187.10000610351562,184.6199951171875,186.27999877929688,186.27999877929688,72044800,APPLE
2024-05-14,187.50999450683594,188.3000030517578,186.2899932861328,187.42999267578125,187.42999267578125,52393600,APPLE
2024-05-15,187.91000366210938,190.64999389648438,187.3699951171875,189.72000122070312,189.72000122070312,70400000,APPLE
2024-05-16,190.47000122070312,191.10000610351562,189.66000366210938,189.83999633789062,189.83999633789062,52845200,APPLE
2024-05-17,189.50999450683594,190.80999755859375,189.17999267578125,189.8699951171875,189.8699951171875,41282900,APPLE
2024-05-20,189.3300018310547,191.9199981689453,189.00999450683594,191.0399932861328,191.0399932861328,44361300,APPLE
2024-05-21,191.08999633789062,192.72999572753906,190.9199981689453,192.35000610351562,192.35000610351562,42309400,APPLE
2024-05-22,192.27000427246094,192.82000732421875,190.27000427246094,190.89999389648438,190.89999389648438,34648500,APPLE
2024-05-23,190.97999572753906,191.0,186.6300048828125,186.8800048828125,186.8800048828125,51005900,APPLE
2024-05-24,188.82000732421875,190.5800018310547,188.0399932861328,189.97999572753906,189.97999572753906,36294600,APPLE
2024-05-28,191.50999450683594,193.0,189.10000610351562,189.99000549316406,189.99000549316406,52280100,APPLE
2024-05-29,189.61000061035156,192.25,189.50999450683594,190.2899932861328,190.2899932861328,53068000,APPLE
2024-05-30,190.75999450683594,192.17999267578125,190.6300048828125,191.2899932861328,191.2899932861328,49947900,APPLE
2024-05-31,191.44000244140625,192.57000732421875,189.91000366210938,192.25,192.25,75158300,APPLE
2024-06-03,192.89999389648438,194.99000549316406,192.52000427246094,194.02999877929688,194.02999877929688,50080500,APPLE
2024-06-04,194.63999938964844,195.32000732421875,193.02999877929688,194.35000610351562,194.35000610351562,47471400,APPLE
2024-06-05,195.39999389648438,196.89999389648438,194.8699951171875,195.8699951171875,195.8699951171875,54156800,APPLE
2024-06-06,195.69000244140625,196.5,194.1699981689453,194.47999572753906,194.47999572753906,41181800,APPLE
2024-06-07,194.64999389648438,196.94000244140625,194.13999938964844,196.88999938964844,196.88999938964844,53103900,APPLE
2024-06-10,196.89999389648438,197.3000030517578,192.14999389648438,193.1199951171875,193.1199951171875,97262100,APPLE
2024-06-11,193.64999389648438,207.16000366210938,193.6300048828125,207.14999389648438,207.14999389648438,172373300,APPLE
2024-06-12,207.3699951171875,220.1999969482422,206.89999389648438,213.07000732421875,213.07000732421875,198134300,APPLE
2024-06-13,214.74000549316406,216.75,211.60000610351562,214.24000549316406,214.24000549316406,97862700,APPLE
2024-06-14,213.85000610351562,215.1699981689453,211.3000030517578,212.49000549316406,212.49000549316406,70122700,APPLE
2024-06-17,213.3699951171875,218.9499969482422,212.72000122070312,216.6699981689453,216.6699981689453,93728300,APPLE
2024-06-18,217.58999633789062,218.6300048828125,213.0,214.2899932861328,214.2899932861328,79943300,APPLE
2024-06-20,213.92999267578125,214.24000549316406,208.85000610351562,209.67999267578125,209.67999267578125,86172500,APPLE
2024-06-21,210.38999938964844,211.88999938964844,207.11000061035156,207.49000549316406,207.49000549316406,246421400,APPLE
2024-06-24,207.72000122070312,212.6999969482422,206.58999633789062,208.13999938964844,208.13999938964844,80727000,APPLE
2024-06-25,209.14999389648438,211.3800048828125,208.61000061035156,209.07000732421875,209.07000732421875,56713900,APPLE
2024-06-26,211.5,214.86000061035156,210.63999938964844,213.25,213.25,66213200,APPLE
2024-06-27,214.69000244140625,215.74000549316406,212.35000610351562,214.10000610351562,214.10000610351562,49772700,APPLE
2024-06-28,215.77000427246094,216.07000732421875,210.3000030517578,210.6199951171875,210.6199951171875,82542700,APPLE
2024-07-01,212.08999633789062,217.50999450683594,211.9199981689453,216.75,216.75,60402900,APPLE
2024-07-02,216.14999389648438,220.3800048828125,215.10000610351562,220.27000427246094,220.27000427246094,58046200,APPLE
2024-07-03,220.0,221.5500030517578,219.02999877929688,221.5500030517578,221.5500030517578,37369800,APPLE
2024-07-05,221.64999389648438,226.4499969482422,221.64999389648438,226.33999633789062,226.33999633789062,60412400,APPLE
2024-07-08,227.08999633789062,227.85000610351562,223.25,227.82000732421875,227.82000732421875,59085900,APPLE
2024-07-09,227.92999267578125,229.39999389648438,226.3699951171875,228.67999267578125,228.67999267578125,48076100,APPLE
2024-07-10,229.3000030517578,233.0800018310547,229.25,232.97999572753906,232.97999572753906,62627700,APPLE
2024-07-11,231.38999938964844,232.38999938964844,225.77000427246094,227.57000732421875,227.57000732421875,64710600,APPLE
2024-07-12,228.9199981689453,232.63999938964844,228.67999267578125,230.5399932861328,230.5399932861328,53046500,APPLE
2024-07-15,236.47999572753906,237.22999572753906,233.08999633789062,234.39999389648438,234.39999389648438,62631300,APPLE
2024-07-16,235.0,236.27000427246094,232.3300018310547,234.82000732421875,234.82000732421875,43234300,APPLE
2024-07-17,229.4499969482422,231.4600067138672,226.63999938964844,228.8800048828125,228.8800048828125,57345900,APPLE
2024-07-18,230.27999877929688,230.44000244140625,222.27000427246094,224.17999267578125,224.17999267578125,66034600,APPLE
2024-07-19,224.82000732421875,226.8000030517578,223.27999877929688,224.30999755859375,224.30999755859375,49151500,APPLE
2024-07-22,227.00999450683594,227.77999877929688,223.08999633789062,223.9600067138672,223.9600067138672,48201800,APPLE
2024-07-23,224.3699951171875,226.94000244140625,222.67999267578125,225.00999450683594,225.00999450683594,39960300,APPLE
2024-07-24,224.0,224.8000030517578,217.1300048828125,218.5399932861328,218.5399932861328,61777600,APPLE
2024-07-25,218.92999267578125,220.85000610351562,214.6199951171875,217.49000549316406,217.49000549316406,51391200,APPLE
2024-07-26,218.6999969482422,219.49000549316406,216.00999450683594,217.9600067138672,217.9600067138672,41580100,APPLE
2024-07-29,217.0019989013672,219.3000030517578,215.75999450683594,218.24000549316406,218.24000549316406,24555813,APPLE
2023-07-31,143.80999755859375,144.60000610351562,143.52999877929688,144.17999267578125,138.29507446289062,6138100,IBM
2023-08-01,144.25,144.47999572753906,142.1699981689453,143.3300018310547,137.47976684570312,4797700,IBM
2023-08-02,142.77999877929688,144.3000030517578,142.30999755859375,144.1699981689453,138.28549194335938,4957400,IBM
2023-08-03,143.77999877929688,145.22000122070312,143.30999755859375,144.4499969482422,138.55406188964844,3951900,IBM
2023-08-04,145.08999633789062,146.08999633789062,143.99000549316406,144.24000549316406,138.35263061523438,4223100,IBM
2023-08-07,145.0,146.5,144.92999267578125,146.17999267578125,140.2134552001953,3438700,IBM
2023-08-08,145.6999969482422,146.14999389648438,144.11000061035156,145.91000366210938,139.9544677734375,4654600,IBM
2023-08-09,144.94000244140625,144.94000244140625,142.3000030517578,142.49000549316406,138.24688720703125,4072900,IBM
2023-08-10,143.0399932861328,144.5800018310547,142.69000244140625,143.25,138.98423767089844,4735800,IBM
2023-08-11,143.1199951171875,143.4499969482422,142.2100067138672,143.1199951171875,138.85812377929688,2526000,IBM
2023-08-14,143.0500030517578,143.3699951171875,141.8000030517578,141.91000366210938,137.6841583251953,4226400,IBM
2023-08-15,141.5,142.30999755859375,141.1999969482422,141.8699951171875,137.64532470703125,3656600,IBM
2023-08-16,141.6999969482422,142.08999633789062,140.55999755859375,140.63999938964844,136.45196533203125,3285300,IBM
2023-08-17,141.00999450683594,142.66000366210938,140.60000610351562,140.66000366210938,136.47137451171875,3742100,IBM
2023-08-18,140.0,141.8300018310547,139.75999450683594,141.41000366210938,137.19903564453125,3914700,IBM
2023-08-21,141.4199981689453,142.38999938964844,141.11000061035156,142.27999877929688,138.04312133789062,2937800,IBM
2023-08-22,142.66000366210938,143.22999572753906,141.3000030517578,141.49000549316406,137.27664184570312,3557500,IBM
2023-08-23,141.72000122070312,143.47999572753906,141.5800018310547,143.41000366210938,139.13946533203125,2559100,IBM
2023-08-24,143.50999450683594,144.47000122070312,143.22000122070312,143.5500030517578,139.2753143310547,2900200,IBM
2023-08-25,144.17999267578125,145.47000122070312,143.5,145.35000610351562,141.021728515625,3660100,IBM
2023-08-28,145.41000366210938,146.74000549316406,145.2100067138672,146.02000427246094,141.6717529296875,3561100,IBM
2023-08-29,146.3000030517578,146.72999572753906,145.6199951171875,146.4499969482422,142.0889434814453,2778100,IBM
2023-08-30,146.4199981689453,146.9199981689453,145.75,146.86000061035156,142.4867401123047,2245400,IBM
2023-08-31,146.94000244140625,147.72999572753906,146.5399932861328,146.8300018310547,142.4576416015625,3885900,IBM
2023-09-01,147.25999450683594,148.10000610351562,146.9199981689453,147.94000244140625,143.53457641601562,2727500,IBM
2023-09-05,147.91000366210938,149.0,147.57000732421875,148.1300048828125,143.71893310546875,3731300,IBM
2023-09-06,147.66000366210938,148.3300018310547,147.1199951171875,148.05999755859375,143.6510009765625,2932200,IBM
2023-09-07,148.1300048828125,148.77999877929688,147.39999389648438,147.52000427246094,143.12709045410156,3332900,IBM
2023-09-08,147.35000610351562,148.58999633789062,147.25999450683594,147.67999267578125,143.28231811523438,3722800,IBM
2023-09-11,148.57000732421875,148.77999877929688,147.5800018310547,148.3800048828125,143.96148681640625,3273600,IBM
2023-09-12,147.9199981689453,148.0,145.8000030517578,146.3000030517578,141.9434051513672,4457700,IBM
2023-09-13,145.9499969482422,146.97999572753906,145.9199981689453,146.5500030517578,142.18597412109375,2627800,IBM
2023-09-14,147.3800048828125,147.72999572753906,146.47999572753906,147.35000610351562,142.962158203125,2723100,IBM
2023-09-15,147.11000061035156,147.85000610351562,145.52999877929688,145.99000549316406,141.6426544189453,6231400,IBM
2023-09-18,145.77000427246094,146.47999572753906,145.05999755859375,145.08999633789062,140.7694549560547,2508100,IBM
2023-09-19,145.0,146.72000122070312,144.66000366210938,146.52000427246094,142.15687561035156,3945400,IBM
2023-09-20,148.36000061035156,151.92999267578125,148.1300048828125,149.8300018310547,145.36830139160156,9632400,IBM
2023-09-21,149.0,149.25,147.30999755859375,147.3800048828125,142.99127197265625,4944600,IBM
2023-09-22,147.41000366210938,148.10000610351562,146.82000732421875,146.91000366210938,142.53524780273438,2562000,IBM
2023-09-25,146.57000732421875,147.42999267578125,146.25,146.47999572753906,142.11805725097656,2694200,IBM
2023-09-26,145.50999450683594,146.1699981689453,143.02000427246094,143.24000549316406,138.97454833984375,4824700,IBM
2023-09-27,143.6699981689453,143.82000732421875,141.75999450683594,143.1699981689453,138.90663146972656,4439800,IBM
2023-09-28,142.13999938964844,142.27999877929688,140.2100067138672,141.5800018310547,137.3639678955078,5783200,IBM
2023-09-29,142.0,142.1300048828125,139.61000061035156,140.3000030517578,136.12208557128906,5703600,IBM
2023-10-02,140.0399932861328,141.4499969482422,139.86000061035156,140.8000030517578,136.60720825195312,3275300,IBM
2023-10-03,140.8699951171875,141.63999938964844,140.0,140.38999938964844,136.20941162109375,3284400,IBM
2023-10-04,140.3699951171875,141.1999969482422,139.99000549316406,141.07000732421875,136.86917114257812,2637600,IBM
2023-10-05,140.89999389648438,141.6999969482422,140.19000244140625,141.52000427246094,137.30575561523438,3223900,IBM
2023-10-06,141.39999389648438,142.94000244140625,140.11000061035156,142.02999877929688,137.80056762695312,3511100,IBM
2023-10-09,142.3000030517578,142.39999389648438,140.67999267578125,142.1999969482422,137.96551513671875,2354400,IBM
2023-10-10,142.60000610351562,143.4199981689453,141.72000122070312,142.11000061035156,137.87818908691406,3015800,IBM
2023-10-11,142.50999450683594,143.33999633789062,142.13999938964844,143.22999572753906,138.96484375,2511500,IBM
2023-10-12,142.50999450683594,142.92999267578125,140.9499969482422,141.24000549316406,137.03408813476562,3921100,IBM
2023-10-13,139.77000427246094,140.1199951171875,138.27000427246094,138.4600067138672,134.33688354492188,4582800,IBM
2023-10-16,139.27999877929688,139.77999877929688,138.52000427246094,139.2100067138672,135.06454467773438,3361500,IBM
2023-10-17,137.1199951171875,140.6199951171875,136.30999755859375,140.32000732421875,136.14149475097656,4172800,IBM
2023-10-18,140.0,140.42999267578125,139.5800018310547,139.97000122070312,135.8019256591797,3330000,IBM
2023-10-19,138.63999938964844,139.41000366210938,137.92999267578125,138.00999450683594,133.90028381347656,5314200,IBM
2023-10-20,138.14999389648438,139.27000427246094,137.1199951171875,137.16000366210938,133.07559204101562,4865300,IBM
2023-10-23,136.6300048828125,137.67999267578125,135.8699951171875,136.3800048828125,132.31883239746094,3457500,IBM
2023-10-24,136.74000549316406,137.97999572753906,136.0500030517578,137.7899932861328,133.68682861328125,3698000,IBM
2023-10-25,137.5,138.49000549316406,136.3300018310547,137.0800018310547,132.9979705810547,6472500,IBM
2023-10-26,142.1999969482422,144.41000366210938,141.5800018310547,143.75999450683594,139.4790496826172,11130200,IBM
2023-10-27,143.6199951171875,144.6999969482422,141.7100067138672,142.52000427246094,138.27597045898438,5469200,IBM
2023-10-30,143.19000244140625,144.5,142.5800018310547,142.6300048828125,138.38272094726562,4204100,IBM
2023-10-31,143.0,144.75999450683594,142.58999633789062,144.63999938964844,140.3328399658203,6591800,IBM
2023-11-01,145.0,146.50999450683594,144.4499969482422,145.39999389648438,141.07022094726562,4750100,IBM
2023-11-02,145.77000427246094,147.10000610351562,144.83999633789062,147.00999450683594,142.6322784423828,3902700,IBM
2023-11-03,147.4499969482422,148.4499969482422,147.27999877929688,147.89999389648438,143.4957733154297,3510100,IBM
2023-11-06,147.88999938964844,149.22999572753906,147.85000610351562,148.97000122070312,144.53390502929688,4597200,IBM
2023-11-07,149.02999877929688,149.27999877929688,148.02999877929688,148.8300018310547,144.3980712890625,3549900,IBM
2023-11-08,149.25,149.67999267578125,147.58999633789062,148.02999877929688,143.6219024658203,3618600,IBM
2023-11-09,146.5500030517578,146.99000549316406,145.27999877929688,146.6199951171875,143.86721801757812,3412700,IBM
2023-11-10,147.44000244140625,149.1699981689453,146.85000610351562,149.02000427246094,146.22216796875,3179000,IBM
2023-11-13,148.4600067138672,148.49000549316406,147.35000610351562,148.10000610351562,145.31942749023438,2647200,IBM
2023-11-14,149.4499969482422,150.80999755859375,149.0500030517578,150.41000366210938,147.5860595703125,4321900,IBM
2023-11-15,150.39999389648438,153.22000122070312,150.39999389648438,152.5800018310547,149.71531677246094,4632500,IBM
2023-11-16,153.0,153.35000610351562,152.1300048828125,153.05999755859375,150.18629455566406,3519200,IBM
2023-11-17,153.2899932861328,153.5,152.4600067138672,152.88999938964844,150.01950073242188,4426500,IBM
2023-11-20,152.50999450683594,154.67999267578125,152.35000610351562,154.35000610351562,151.45208740234375,3658500,IBM
2023-11-21,154.60000610351562,154.66000366210938,153.50999450683594,153.91000366210938,151.02035522460938,2859500,IBM
2023-11-22,154.5,155.7100067138672,154.16000366210938,155.1300048828125,152.2174530029297,3044700,IBM
2023-11-24,155.1300048828125,155.39999389648438,153.9199981689453,155.17999267578125,152.2664794921875,1799200,IBM
2023-11-27,154.99000549316406,156.13999938964844,154.75,155.57000732421875,152.64918518066406,4053100,IBM
2023-11-28,155.44000244140625,155.75,154.86000061035156,155.64999389648438,152.72767639160156,2666200,IBM
2023-11-29,156.14999389648438,157.50999450683594,156.02000427246094,156.41000366210938,153.47340393066406,3568900,IBM
2023-11-30,156.9499969482422,158.60000610351562,156.88999938964844,158.55999755859375,155.58303833007812,6740600,IBM
2023-12-01,158.41000366210938,160.58999633789062,158.0,160.5500030517578,157.53567504882812,4871000,IBM
2023-12-04,160.2899932861328,162.7899932861328,160.2899932861328,161.10000610351562,158.0753631591797,5779000,IBM
2023-12-05,160.75999450683594,162.47000122070312,160.72000122070312,161.38999938964844,158.3599090576172,4556700,IBM
2023-12-06,161.58999633789062,162.35000610351562,160.00999450683594,160.27999877929688,157.27073669433594,3555900,IBM
2023-12-07,161.0,161.47000122070312,159.97000122070312,160.22000122070312,157.2118682861328,3665500,IBM
2023-12-08,160.0,162.0399932861328,160.0,161.9600067138672,158.91920471191406,4560400,IBM
2023-12-11,162.67999267578125,163.64999389648438,161.9499969482422,163.50999450683594,160.44009399414062,6077200,IBM
2023-12-12,163.27000427246094,166.33999633789062,162.9199981689453,164.7100067138672,161.61756896972656,5292300,IBM
2023-12-13,164.3699951171875,164.97000122070312,162.74000549316406,163.6199951171875,160.54803466796875,4989100,IBM
2023-12-14,162.92999267578125,163.5,160.14999389648438,162.91000366210938,159.8513641357422,6129800,IBM
2023-12-15,162.3000030517578,164.08999633789062,162.0399932861328,162.22999572753906,159.1841278076172,11015600,IBM
2023-12-18,162.22999572753906,163.3300018310547,161.5800018310547,162.74000549316406,159.68455505371094,3677300,IBM
2023-12-19,161.8000030517578,162.27999877929688,161.32000732421875,161.55999755859375,158.52671813964844,3766600,IBM
2023-12-20,161.2899932861328,161.8000030517578,160.00999450683594,160.0500030517578,157.04505920410156,4865800,IBM
2023-12-21,160.58999633789062,161.0800018310547,159.52999877929688,160.77999877929688,157.7613525390625,2982900,IBM
2023-12-22,161.10000610351562,162.41000366210938,161.0,162.13999938964844,159.0958251953125,2439800,IBM
2023-12-26,162.22999572753906,163.30999755859375,162.0500030517578,163.2100067138672,160.14573669433594,1772400,IBM
2023-12-27,163.13999938964844,163.63999938964844,162.67999267578125,163.4600067138672,160.39105224609375,3234600,IBM
2023-12-28,163.9600067138672,163.9600067138672,163.39999389648438,163.75,160.67559814453125,2071300,IBM
2023-12-29,163.75,164.17999267578125,162.8300018310547,163.5500030517578,160.47935485839844,2525600,IBM
2024-01-02,162.8300018310547,163.2899932861328,160.4600067138672,161.5,158.46783447265625,3825000,IBM
2024-01-03,161.0,161.72999572753906,160.0800018310547,160.10000610351562,157.09413146972656,4086100,IBM
2024-01-04,160.22000122070312,161.80999755859375,160.1699981689453,160.86000061035156,157.83985900878906,3212000,IBM
2024-01-05,159.91000366210938,160.5500030517578,158.6699981689453,159.16000366210938,156.17178344726562,4199400,IBM
2024-01-08,158.69000244140625,161.22000122070312,157.88999938964844,161.13999938964844,158.11459350585938,3321700,IBM
2024-01-09,160.0,160.47999572753906,159.50999450683594,160.0800018310547,157.0745086669922,2617200,IBM
2024-01-10,160.27999877929688,161.33999633789062,159.74000549316406,161.22999572753906,158.20289611816406,2967800,IBM
2024-01-11,161.02000427246094,162.22999572753906,160.2899932861328,162.16000366210938,159.11544799804688,3778200,IBM
2024-01-12,162.97000122070312,165.97999572753906,162.35000610351562,165.8000030517578,162.68710327148438,4956400,IBM
2024-01-16,165.8000030517578,167.25,165.33999633789062,166.9600067138672,163.82533264160156,4869600,IBM
2024-01-17,166.7899932861328,167.82000732421875,165.5,166.0800018310547,162.96185302734375,4288600,IBM
2024-01-18,166.49000549316406,166.99000549316406,165.0399932861328,166.83999633789062,163.7075653076172,3776900,IBM
2024-01-19,170.58999633789062,171.5800018310547,169.17999267578125,171.47999572753906,168.2604522705078,6925800,IBM
2024-01-22,172.82000732421875,174.4499969482422,172.39999389648438,172.8300018310547,169.5851287841797,4926000,IBM
2024-01-23,172.89999389648438,174.02000427246094,172.47999572753906,173.94000244140625,170.67428588867188,3983500,IBM
2024-01-24,174.75999450683594,174.86000061035156,172.89999389648438,173.92999267578125,170.66445922851562,9097800,IBM
2024-01-25,184.9600067138672,196.89999389648438,184.8300018310547,190.42999267578125,186.8546600341797,29596200,IBM
2024-01-26,191.30999755859375,192.38999938964844,186.16000366210938,187.4199981689453,183.90118408203125,9895900,IBM
2024-01-29,187.4600067138672,189.4600067138672,186.0500030517578,187.13999938964844,183.62644958496094,6107900,IBM
2024-01-30,187.7100067138672,188.64999389648438,186.77000427246094,187.8699951171875,184.3427276611328,4575100,IBM
2024-01-31,187.0500030517578,187.64999389648438,183.13999938964844,183.66000366210938,180.21177673339844,8876100,IBM
2024-02-01,183.6300048828125,187.50999450683594,182.7100067138672,186.89999389648438,183.3909454345703,4669400,IBM
2024-02-02,187.10000610351562,187.38999938964844,185.6199951171875,185.7899932861328,182.30178833007812,4054200,IBM
2024-02-05,185.50999450683594,185.77999877929688,183.25999450683594,183.4199981689453,179.97628784179688,4379600,IBM
2024-02-06,183.5500030517578,184.67999267578125,183.0399932861328,183.41000366210938,179.9664764404297,3337600,IBM
2024-02-07,183.33999633789062,184.02000427246094,182.6300048828125,183.74000549316406,180.290283203125,4841200,IBM
2024-02-08,182.6300048828125,184.5500030517578,181.49000549316406,184.36000061035156,182.54786682128906,5161200,IBM
2024-02-09,184.44000244140625,187.17999267578125,183.85000610351562,186.33999633789062,184.50840759277344,5064600,IBM
2024-02-12,185.89999389648438,186.47999572753906,184.02999877929688,186.16000366210938,184.33018493652344,4724000,IBM
2024-02-13,184.27999877929688,184.77000427246094,182.36000061035156,183.6999969482422,181.8943634033203,4290500,IBM
2024-02-14,185.0,185.0,182.25999450683594,183.57000732421875,181.76564025878906,3173400,IBM
2024-02-15,183.6199951171875,186.97999572753906,183.6199951171875,186.8699951171875,185.033203125,4714300,IBM
2024-02-16,186.6300048828125,188.9499969482422,185.9499969482422,187.63999938964844,185.79563903808594,4841900,IBM
2024-02-20,187.63999938964844,188.77000427246094,183.05999755859375,183.44000244140625,181.6369171142578,4247200,IBM
2024-02-21,182.55999755859375,183.02999877929688,178.75,179.6999969482422,177.9336700439453,4728500,IBM
2024-02-22,182.4499969482422,184.5500030517578,181.92999267578125,184.2100067138672,182.39935302734375,5078400,IBM
2024-02-23,184.89999389648438,186.4600067138672,184.57000732421875,185.72000122070312,183.89450073242188,3433800,IBM
2024-02-26,185.60000610351562,186.1300048828125,184.05999755859375,184.1300048828125,182.3201446533203,4620800,IBM
2024-02-27,184.16000366210938,185.1300048828125,182.6199951171875,184.8699951171875,183.0528564453125,3641400,IBM
2024-02-28,184.6300048828125,185.3699951171875,183.5500030517578,185.3000030517578,183.4786376953125,3216300,IBM
2024-02-29,186.14999389648438,186.85000610351562,184.69000244140625,185.02999877929688,183.21128845214844,6458500,IBM
2024-03-01,185.49000549316406,188.3800048828125,185.17999267578125,188.1999969482422,186.35012817382812,4017300,IBM
2024-03-04,187.75999450683594,193.89999389648438,187.60000610351562,193.05999755859375,191.162353515625,7938300,IBM
2024-03-05,192.0,193.94000244140625,190.57000732421875,191.9499969482422,190.06326293945312,5653600,IBM
2024-03-06,193.5,198.1300048828125,192.9600067138672,196.16000366210938,194.2318878173828,6945800,IBM
2024-03-07,197.5800018310547,198.72999572753906,196.13999938964844,196.5399932861328,194.60813903808594,4604500,IBM
2024-03-08,196.05999755859375,197.77000427246094,194.3800048828125,195.9499969482422,194.02395629882812,3942500,IBM
2024-03-11,195.08999633789062,195.3800048828125,190.8800048828125,191.72999572753906,189.84542846679688,4725100,IBM
2024-03-12,192.4600067138672,199.17999267578125,192.14999389648438,197.77999877929688,195.83596801757812,5880100,IBM
2024-03-13,197.5500030517578,198.10000610351562,195.32000732421875,196.6999969482422,194.76657104492188,3993300,IBM
2024-03-14,196.9499969482422,197.75,192.1199951171875,193.42999267578125,191.52871704101562,4109600,IBM
2024-03-15,191.99000549316406,193.05999755859375,190.6999969482422,191.07000732421875,189.19192504882812,8827900,IBM
2024-03-18,191.6999969482422,193.22999572753906,190.32000732421875,191.69000244140625,189.8058319091797,5410600,IBM
2024-03-19,191.49000549316406,193.5800018310547,190.27999877929688,193.33999633789062,191.43960571289062,5317300,IBM
2024-03-20,192.8699951171875,193.97999572753906,191.30999755859375,193.9600067138672,192.0535125732422,3238600,IBM
2024-03-21,193.0,193.3699951171875,190.00999450683594,191.89999389648438,190.0137481689453,6013600,IBM
2024-03-22,192.0,192.99000549316406,190.50999450683594,190.83999633789062,188.96417236328125,3987700,IBM
2024-03-25,190.25999450683594,190.82000732421875,188.75,188.7899932861328,186.934326171875,3718300,IBM
2024-03-26,189.02000427246094,190.0,188.5,188.5,186.64718627929688,4229500,IBM
2024-03-27,189.60000610351562,190.9600067138672,188.60000610351562,190.8000030517578,188.92457580566406,3693300,IBM
2024-03-28,190.94000244140625,191.92999267578125,190.33999633789062,190.9600067138672,189.0830078125,3742200,IBM
2024-04-01,190.0,190.4600067138672,188.52000427246094,189.8300018310547,187.964111328125,2364300,IBM
2024-04-02,189.13999938964844,189.8000030517578,187.60000610351562,188.8800048828125,187.02345275878906,2693500,IBM
2024-04-03,188.60000610351562,191.35000610351562,188.49000549316406,190.89999389648438,189.02359008789062,2826200,IBM
2024-04-04,192.0,193.27999877929688,187.33999633789062,187.94000244140625,186.09268188476562,2983900,IBM
2024-04-05,188.58999633789062,190.32000732421875,188.02000427246094,189.13999938964844,187.2808837890625,2013600,IBM
2024-04-08,189.24000549316406,190.24000549316406,188.91000366210938,189.82000732421875,187.95420837402344,2678300,IBM
2024-04-09,190.5399932861328,191.25,186.66000366210938,189.30999755859375,187.44921875,2794200,IBM
2024-04-10,187.4199981689453,187.9199981689453,185.52000427246094,186.0399932861328,184.2113494873047,3081700,IBM
2024-04-11,186.0399932861328,186.8000030517578,184.5800018310547,185.89999389648438,184.07272338867188,2861700,IBM
2024-04-12,184.0,185.1699981689453,181.69000244140625,182.27000427246094,180.47842407226562,3545100,IBM
2024-04-15,185.57000732421875,187.47999572753906,180.8800048828125,181.25,179.46844482421875,3528100,IBM
2024-04-16,185.58999633789062,185.7100067138672,182.86000061035156,183.75,181.94386291503906,4473700,IBM
2024-04-17,184.16000366210938,184.6699981689453,181.77999877929688,183.10000610351562,181.30026245117188,3003000,IBM
2024-04-18,182.35000610351562,183.4600067138672,180.1699981689453,181.47000122070312,179.686279296875,2886700,IBM
2024-04-19,182.42999267578125,182.8000030517578,180.57000732421875,181.5800018310547,179.79519653320312,3037600,IBM
2024-04-22,182.4499969482422,183.32000732421875,180.4499969482422,181.89999389648438,180.11204528808594,3076500,IBM
2024-04-23,182.72999572753906,184.67999267578125,179.0,182.19000244140625,180.39920043945312,5950200,IBM
2024-04-24,183.1699981689453,184.2899932861328,181.39999389648438,184.10000610351562,182.29043579101562,7616600,IBM
2024-04-25,168.1999969482422,172.4499969482422,165.66000366210938,168.91000366210938,167.24974060058594,16702200,IBM
2024-04-26,167.5,167.8699951171875,165.72999572753906,167.1300048828125,165.48724365234375,8983800,IBM
2024-04-29,167.39999389648438,168.22000122070312,166.22999572753906,167.42999267578125,165.78427124023438,5242200,IBM
2024-04-30,166.49000549316406,166.75999450683594,165.25999450683594,166.1999969482422,164.56637573242188,6011600,IBM
2024-05-01,165.69000244140625,166.27000427246094,164.3000030517578,164.42999267578125,162.8137664794922,4029900,IBM
2024-05-02,164.35000610351562,164.8800048828125,162.6199951171875,164.69000244140625,163.0712127685547,3829900,IBM
2024-05-03,165.0,166.61000061035156,164.9199981689453,165.7100067138672,164.08119201660156,3400400,IBM
2024-05-06,166.5,168.6699981689453,166.3800048828125,168.61000061035156,166.9526824951172,4222300,IBM
2024-05-07,169.0,169.2899932861328,167.94000244140625,168.3800048828125,166.72494506835938,3155300,IBM
2024-05-08,168.00999450683594,170.25999450683594,167.89999389648438,169.89999389648438,168.22999572753906,3522000,IBM
2024-05-09,167.5,167.5500030517578,165.8800048828125,166.27000427246094,166.27000427246094,4266600,IBM
2024-05-10,167.1300048828125,168.07000732421875,166.32000732421875,167.14999389648438,167.14999389648438,2255400,IBM
2024-05-13,167.5,168.05999755859375,166.75999450683594,167.55999755859375,167.55999755859375,2414900,IBM
2024-05-14,167.86000061035156,168.1300048828125,166.47999572753906,167.36000061035156,167.36000061035156,2601000,IBM
2024-05-15,167.94000244140625,168.35000610351562,167.33999633789062,168.25999450683594,168.25999450683594,4468800,IBM
2024-05-16,168.25999450683594,169.6300048828125,167.7899932861328,168.97000122070312,168.97000122070312,3492300,IBM
2024-05-17,168.97000122070312,169.11000061035156,167.3300018310547,169.02999877929688,169.02999877929688,2956400,IBM
2024-05-20,169.0,170.16000366210938,168.3800048828125,169.9199981689453,169.9199981689453,2726300,IBM
2024-05-21,169.94000244140625,174.97000122070312,169.94000244140625,173.47000122070312,173.47000122070312,6459800,IBM
2024-05-22,173.38999938964844,174.99000549316406,172.75999450683594,173.69000244140625,173.69000244140625,3294900,IBM
2024-05-23,175.38999938964844,175.4600067138672,170.44000244140625,170.6699981689453,170.6699981689453,3341300,IBM
2024-05-24,171.47999572753906,172.00999450683594,170.2100067138672,170.88999938964844,170.88999938964844,2587400,IBM
2024-05-28,170.44000244140625,171.08999633789062,168.64999389648438,169.66000366210938,169.66000366210938,2629500,IBM
2024-05-29,168.0,168.6300048828125,166.2100067138672,167.0500030517578,167.0500030517578,4206600,IBM
2024-05-30,165.55999755859375,166.72999572753906,164.22999572753906,165.6300048828125,165.6300048828125,3853000,IBM
2024-05-31,165.6999969482422,166.97000122070312,163.83999633789062,166.85000610351562,166.85000610351562,4905000,IBM
2024-06-03,166.5399932861328,166.77999877929688,163.52999877929688,165.27999877929688,165.27999877929688,2776100,IBM
2024-06-04,164.60000610351562,166.39999389648438,163.8800048828125,165.80999755859375,165.80999755859375,2594200,IBM
2024-06-05,166.41000366210938,167.7899932861328,165.77999877929688,167.3800048828125,167.3800048828125,3049400,IBM
2024-06-06,167.3800048828125,168.44000244140625,166.8000030517578,168.1999969482422,168.1999969482422,2207100,IBM
2024-06-07,168.17999267578125,171.30999755859375,168.05999755859375,170.00999450683594,170.00999450683594,3475500,IBM
2024-06-10,169.5500030517578,170.75999450683594,168.8800048828125,170.3800048828125,170.3800048828125,3444700,IBM
2024-06-11,169.97999572753906,170.0,166.80999755859375,169.32000732421875,169.32000732421875,2951300,IBM
2024-06-12,171.35000610351562,172.47000122070312,168.10000610351562,169.0,169.0,3522700,IBM
2024-06-13,169.00999450683594,169.58999633789062,168.33999633789062,169.1199951171875,169.1199951171875,3525700,IBM
2024-06-14,168.2899932861328,169.47000122070312,167.22999572753906,169.2100067138672,169.2100067138672,2777700,IBM
2024-06-17,168.75999450683594,169.72000122070312,167.5,169.5,169.5,3239800,IBM
2024-06-18,170.0,170.75,168.3800048828125,170.5500030517578,170.5500030517578,3386400,IBM
2024-06-20,174.0800018310547,174.27999877929688,171.22000122070312,173.9199981689453,173.9199981689453,4723100,IBM
2024-06-21,173.97000122070312,174.9600067138672,171.39999389648438,172.4600067138672,172.4600067138672,10182000,IBM
2024-06-24,175.0,178.4600067138672,174.14999389648438,175.00999450683594,175.00999450683594,4864700,IBM
2024-06-25,175.13999938964844,175.75,171.4199981689453,172.60000610351562,172.60000610351562,4119300,IBM
2024-06-26,171.27999877929688,172.67999267578125,170.41000366210938,171.8699951171875,171.8699951171875,2779000,IBM
2024-06-27,171.1199951171875,172.5,170.47999572753906,170.85000610351562,170.85000610351562,2894000,IBM
2024-06-28,170.85000610351562,173.4600067138672,170.52999877929688,172.9499969482422,172.9499969482422,4193300,IBM
2024-07-01,173.4499969482422,176.4600067138672,173.3800048828125,175.10000610351562,175.10000610351562,3321000,IBM
2024-07-02,174.83999633789062,177.49000549316406,174.32000732421875,177.3000030517578,177.3000030517578,2883300,IBM
2024-07-03,177.8800048828125,177.97999572753906,175.1699981689453,175.72999572753906,175.72999572753906,1649000,IBM
2024-07-05,175.74000549316406,176.08999633789062,173.9499969482422,176.02000427246094,176.02000427246094,2086000,IBM
2024-07-08,176.41000366210938,178.58999633789062,176.00999450683594,177.63999938964844,177.63999938964844,2503000,IBM
2024-07-09,177.60000610351562,177.6999969482422,175.5800018310547,176.47999572753906,176.47999572753906,2512700,IBM
2024-07-10,176.60000610351562,178.22000122070312,174.4499969482422,177.83999633789062,177.83999633789062,3462200,IBM
2024-07-11,177.64999389648438,179.44000244140625,176.6199951171875,178.30999755859375,178.30999755859375,2806800,IBM
2024-07-12,178.55999755859375,184.16000366210938,178.5,182.8300018310547,182.8300018310547,4785600,IBM
2024-07-15,183.3800048828125,184.89999389648438,182.60000610351562,182.8800048828125,182.8800048828125,2925700,IBM
2024-07-16,184.6699981689453,186.60000610351562,184.52000427246094,185.80999755859375,185.80999755859375,3374500,IBM
2024-07-17,185.44000244140625,187.94000244140625,185.07000732421875,187.4499969482422,187.4499969482422,4225300,IBM
2024-07-18,186.63999938964844,189.47000122070312,185.10000610351562,185.22000122070312,185.22000122070312,3487800,IBM
2024-07-19,186.3300018310547,187.0,181.9499969482422,183.25,183.25,3816000,IBM
2024-07-22,183.39999389648438,184.97000122070312,182.86000061035156,184.14999389648438,184.14999389648438,2488500,IBM
2024-07-23,184.36000061035156,185.3800048828125,183.00999450683594,184.10000610351562,184.10000610351562,2180200,IBM
2024-07-24,184.13999938964844,185.07000732421875,183.14999389648438,184.02000427246094,184.02000427246094,6962100,IBM
2024-07-25,186.8000030517578,196.25999450683594,185.3000030517578,191.97999572753906,191.97999572753906,9532800,IBM
2024-07-26,190.50999450683594,193.57000732421875,189.6199951171875,191.75,191.75,4294000,IBM
2024-07-29,193.17999267578125,193.2899932861328,189.17999267578125,191.1699981689453,191.1699981689453,1778064,IBM
2023-07-31,267.4800109863281,269.0799865722656,263.7799987792969,267.42999267578125,267.42999267578125,84582200,TESLA
2023-08-01,266.260009765625,266.4700012207031,260.25,261.07000732421875,261.07000732421875,83166000,TESLA
2023-08-02,255.57000732421875,259.5199890136719,250.49000549316406,254.11000061035156,254.11000061035156,101752900,TESLA
2023-08-03,252.0399932861328,260.489990234375,252.0,259.32000732421875,259.32000732421875,97569100,TESLA
2023-08-04,260.9700012207031,264.7699890136719,253.11000061035156,253.86000061035156,253.86000061035156,99242600,TESLA
2023-08-07,251.4499969482422,253.64999389648438,242.75999450683594,251.4499969482422,251.4499969482422,111097900,TESLA
2023-08-08,247.4499969482422,250.9199981689453,245.00999450683594,249.6999969482422,249.6999969482422,96642200,TESLA
2023-08-09,250.8699951171875,251.10000610351562,241.89999389648438,242.19000244140625,242.19000244140625,101596300,TESLA
2023-08-10,245.39999389648438,251.8000030517578,243.0,245.33999633789062,245.33999633789062,109498600,TESLA
2023-08-11,241.77000427246094,243.7899932861328,238.02000427246094,242.64999389648438,242.64999389648438,98866600,TESLA
2023-08-14,235.6999969482422,240.66000366210938,233.75,239.75999450683594,239.75999450683594,98595300,TESLA
2023-08-15,238.72999572753906,240.5,232.61000061035156,232.9600067138672,232.9600067138672,88197600,TESLA
2023-08-16,228.02000427246094,233.97000122070312,225.3800048828125,225.60000610351562,225.60000610351562,112484500,TESLA
2023-08-17,226.05999755859375,226.74000549316406,218.8300018310547,219.22000122070312,219.22000122070312,120718400,TESLA
2023-08-18,214.1199951171875,217.5800018310547,212.36000061035156,215.49000549316406,215.49000549316406,135813700,TESLA
2023-08-21,221.5500030517578,232.1300048828125,220.5800018310547,231.27999877929688,231.27999877929688,135702700,TESLA
2023-08-22,240.25,240.82000732421875,229.5500030517578,233.19000244140625,233.19000244140625,130597900,TESLA
2023-08-23,229.33999633789062,238.97999572753906,229.2899932861328,236.86000061035156,236.86000061035156,101077600,TESLA
2023-08-24,238.66000366210938,238.9199981689453,228.17999267578125,230.0399932861328,230.0399932861328,99777400,TESLA
2023-08-25,231.30999755859375,239.0,230.35000610351562,238.58999633789062,238.58999633789062,106612200,TESLA
2023-08-28,242.5800018310547,244.3800048828125,235.35000610351562,238.82000732421875,238.82000732421875,107673700,TESLA
2023-08-29,238.5800018310547,257.4800109863281,237.77000427246094,257.17999267578125,257.17999267578125,134047600,TESLA
2023-08-30,254.1999969482422,260.510009765625,250.58999633789062,256.8999938964844,256.8999938964844,121988400,TESLA
2023-08-31,255.97999572753906,261.17999267578125,255.0500030517578,258.0799865722656,258.0799865722656,108861700,TESLA
2023-09-01,257.260009765625,259.0799865722656,242.00999450683594,245.00999450683594,245.00999450683594,132272500,TESLA
2023-09-05,245.0,258.0,244.86000061035156,256.489990234375,256.489990234375,129469600,TESLA
2023-09-06,255.13999938964844,255.38999938964844,245.05999755859375,251.9199981689453,251.9199981689453,116959800,TESLA
2023-09-07,245.07000732421875,252.80999755859375,243.27000427246094,251.49000549316406,251.49000549316406,115312900,TESLA
2023-09-08,251.22000122070312,256.5199890136719,246.6699981689453,248.5,248.5,118367700,TESLA
2023-09-11,264.2699890136719,274.8500061035156,260.6099853515625,273.5799865722656,273.5799865722656,174667900,TESLA
2023-09-12,270.760009765625,278.3900146484375,266.6000061035156,267.4800109863281,267.4800109863281,135999900,TESLA
2023-09-13,270.07000732421875,274.9800109863281,268.1000061035156,271.29998779296875,271.29998779296875,111673700,TESLA
2023-09-14,271.32000732421875,276.7099914550781,270.4200134277344,276.0400085449219,276.0400085449219,107709800,TESLA
2023-09-15,277.54998779296875,278.9800109863281,271.0,274.3900146484375,274.3900146484375,133422800,TESLA
2023-09-18,271.1600036621094,271.44000244140625,263.760009765625,265.2799987792969,265.2799987792969,101543300,TESLA
2023-09-19,264.3500061035156,267.8500061035156,261.20001220703125,266.5,266.5,103704000,TESLA
2023-09-20,267.0400085449219,273.92999267578125,262.4599914550781,262.5899963378906,262.5899963378906,122514600,TESLA
2023-09-21,257.8500061035156,260.8599853515625,254.2100067138672,255.6999969482422,255.6999969482422,119531000,TESLA
2023-09-22,257.3999938964844,257.7900085449219,244.47999572753906,244.8800048828125,244.8800048828125,127524100,TESLA
2023-09-25,243.3800048828125,247.10000610351562,238.30999755859375,246.99000549316406,246.99000549316406,104636600,TESLA
2023-09-26,242.97999572753906,249.5500030517578,241.66000366210938,244.1199951171875,244.1199951171875,101993600,TESLA
2023-09-27,244.25999450683594,245.3300018310547,234.5800018310547,240.5,240.5,136597200,TESLA
2023-09-28,240.02000427246094,247.5500030517578,238.64999389648438,246.3800048828125,246.3800048828125,117058900,TESLA
2023-09-29,250.0,254.77000427246094,246.35000610351562,250.22000122070312,250.22000122070312,128346200,TESLA
2023-10-02,244.80999755859375,254.27999877929688,242.6199951171875,251.60000610351562,251.60000610351562,123810400,TESLA
2023-10-03,248.61000061035156,250.02000427246094,244.4499969482422,246.52999877929688,246.52999877929688,101985300,TESLA
2023-10-04,248.13999938964844,261.8599853515625,247.60000610351562,261.1600036621094,261.1600036621094,129721600,TESLA
2023-10-05,260.0,263.6000061035156,256.25,260.04998779296875,260.04998779296875,119159200,TESLA
2023-10-06,253.97999572753906,261.6499938964844,250.64999389648438,260.5299987792969,260.5299987792969,117947000,TESLA
2023-10-09,255.30999755859375,261.3599853515625,252.0500030517578,259.6700134277344,259.6700134277344,101377900,TESLA
2023-10-10,257.75,268.94000244140625,257.6499938964844,263.6199951171875,263.6199951171875,122656000,TESLA
2023-10-11,266.20001220703125,268.6000061035156,260.8999938964844,262.989990234375,262.989990234375,103706300,TESLA
2023-10-12,262.9200134277344,265.4100036621094,256.6300048828125,258.8699951171875,258.8699951171875,111508100,TESLA
2023-10-13,258.8999938964844,259.6000061035156,250.22000122070312,251.1199951171875,251.1199951171875,102073800,TESLA
2023-10-16,250.0500030517578,255.39999389648438,248.47999572753906,253.9199981689453,253.9199981689453,88917200,TESLA
2023-10-17,250.10000610351562,257.17999267578125,247.0800018310547,254.85000610351562,254.85000610351562,93562900,TESLA
2023-10-18,252.6999969482422,254.6300048828125,242.0800018310547,242.67999267578125,242.67999267578125,125147800,TESLA
2023-10-19,225.9499969482422,230.61000061035156,216.77999877929688,220.11000061035156,220.11000061035156,170772700,TESLA
2023-10-20,217.00999450683594,218.86000061035156,210.4199981689453,211.99000549316406,211.99000549316406,137734000,TESLA
2023-10-23,210.0,216.97999572753906,202.50999450683594,212.0800018310547,212.0800018310547,150683400,TESLA
2023-10-24,216.5,222.0500030517578,214.11000061035156,216.52000427246094,216.52000427246094,118231100,TESLA
2023-10-25,215.8800048828125,220.10000610351562,212.1999969482422,212.4199981689453,212.4199981689453,107065100,TESLA
2023-10-26,211.32000732421875,214.8000030517578,204.8800048828125,205.75999450683594,205.75999450683594,115112600,TESLA
2023-10-27,210.60000610351562,212.41000366210938,205.77000427246094,207.3000030517578,207.3000030517578,94881200,TESLA
2023-10-30,209.27999877929688,210.8800048828125,194.6699981689453,197.36000061035156,197.36000061035156,136448200,TESLA
2023-10-31,196.1199951171875,202.8000030517578,194.07000732421875,200.83999633789062,200.83999633789062,118068300,TESLA
2023-11-01,204.0399932861328,205.99000549316406,197.85000610351562,205.66000366210938,205.66000366210938,121661700,TESLA
2023-11-02,212.97000122070312,219.1999969482422,211.4499969482422,218.50999450683594,218.50999450683594,125987600,TESLA
2023-11-03,221.14999389648438,226.3699951171875,218.39999389648438,219.9600067138672,219.9600067138672,119281000,TESLA
2023-11-06,223.97999572753906,226.32000732421875,215.0,219.27000427246094,219.27000427246094,117335800,TESLA
2023-11-07,219.97999572753906,223.1199951171875,215.72000122070312,222.17999267578125,222.17999267578125,116900100,TESLA
2023-11-08,223.14999389648438,224.14999389648438,217.63999938964844,222.11000061035156,222.11000061035156,106584800,TESLA
2023-11-09,219.75,220.8000030517578,206.67999267578125,209.97999572753906,209.97999572753906,142110500,TESLA
2023-11-10,210.02999877929688,215.3800048828125,205.69000244140625,214.64999389648438,214.64999389648438,130994000,TESLA
2023-11-13,215.60000610351562,225.39999389648438,211.61000061035156,223.7100067138672,223.7100067138672,140447600,TESLA
2023-11-14,235.02999877929688,238.13999938964844,230.72000122070312,237.41000366210938,237.41000366210938,149771600,TESLA
2023-11-15,239.2899932861328,246.6999969482422,236.4499969482422,242.83999633789062,242.83999633789062,150354000,TESLA
2023-11-16,239.49000549316406,240.8800048828125,230.9600067138672,233.58999633789062,233.58999633789062,136816800,TESLA
2023-11-17,232.0,237.38999938964844,226.5399932861328,234.3000030517578,234.3000030517578,142532800,TESLA
2023-11-20,234.0399932861328,237.10000610351562,231.02000427246094,235.60000610351562,235.60000610351562,116320100,TESLA
2023-11-21,235.0399932861328,243.6199951171875,233.33999633789062,241.1999969482422,241.1999969482422,122288000,TESLA
2023-11-22,242.0399932861328,244.00999450683594,231.39999389648438,234.2100067138672,234.2100067138672,117950600,TESLA
2023-11-24,233.75,238.75,232.3300018310547,235.4499969482422,235.4499969482422,65125200,TESLA
2023-11-27,236.88999938964844,238.3300018310547,232.10000610351562,236.0800018310547,236.0800018310547,112031800,TESLA
2023-11-28,236.67999267578125,247.0,234.00999450683594,246.72000122070312,246.72000122070312,148549900,TESLA
2023-11-29,249.2100067138672,252.75,242.75999450683594,244.13999938964844,244.13999938964844,135401300,TESLA
2023-11-30,245.13999938964844,245.22000122070312,236.91000366210938,240.0800018310547,240.0800018310547,132353200,TESLA
2023-12-01,233.13999938964844,240.19000244140625,231.89999389648438,238.8300018310547,238.8300018310547,121173500,TESLA
2023-12-04,235.75,239.3699951171875,233.2899932861328,235.5800018310547,235.5800018310547,104099800,TESLA
2023-12-05,233.8699951171875,246.66000366210938,233.6999969482422,238.72000122070312,238.72000122070312,137971100,TESLA
2023-12-06,242.9199981689453,246.57000732421875,239.1699981689453,239.3699951171875,239.3699951171875,126436200,TESLA
2023-12-07,241.5500030517578,244.0800018310547,236.97999572753906,242.63999938964844,242.63999938964844,107142300,TESLA
2023-12-08,240.27000427246094,245.27000427246094,239.27000427246094,243.83999633789062,243.83999633789062,102980100,TESLA
2023-12-11,242.74000549316406,243.44000244140625,237.4499969482422,239.74000549316406,239.74000549316406,97913900,TESLA
2023-12-12,238.5500030517578,238.99000549316406,233.8699951171875,237.00999450683594,237.00999450683594,95328300,TESLA
2023-12-13,234.19000244140625,240.3000030517578,228.1999969482422,239.2899932861328,239.2899932861328,146286300,TESLA
2023-12-14,241.22000122070312,253.8800048828125,240.7899932861328,251.0500030517578,251.0500030517578,160829200,TESLA
2023-12-15,251.2100067138672,254.1300048828125,248.3000030517578,253.5,253.5,135720800,TESLA
2023-12-18,253.77999877929688,258.739990234375,251.36000061035156,252.0800018310547,252.0800018310547,116416500,TESLA
2023-12-19,253.47999572753906,258.3399963378906,253.00999450683594,257.2200012207031,257.2200012207031,106737400,TESLA
2023-12-20,256.4100036621094,259.8399963378906,247.0,247.13999938964844,247.13999938964844,125097000,TESLA
2023-12-21,251.89999389648438,254.8000030517578,248.5500030517578,254.5,254.5,109594200,TESLA
2023-12-22,256.760009765625,258.2200012207031,251.3699951171875,252.5399932861328,252.5399932861328,93249800,TESLA
2023-12-26,254.49000549316406,257.9700012207031,252.91000366210938,256.6099853515625,256.6099853515625,86892400,TESLA
2023-12-27,258.3500061035156,263.3399963378906,257.5199890136719,261.44000244140625,261.44000244140625,106494400,TESLA
2023-12-28,263.6600036621094,265.1300048828125,252.7100067138672,253.17999267578125,253.17999267578125,113619900,TESLA
2023-12-29,255.10000610351562,255.19000244140625,247.42999267578125,248.47999572753906,248.47999572753906,100615300,TESLA
2024-01-02,250.0800018310547,251.25,244.41000366210938,248.4199981689453,248.4199981689453,104654200,TESLA
2024-01-03,244.97999572753906,245.67999267578125,236.32000732421875,238.4499969482422,238.4499969482422,121082600,TESLA
2024-01-04,239.25,242.6999969482422,237.72999572753906,237.92999267578125,237.92999267578125,102629300,TESLA
2024-01-05,236.86000061035156,240.1199951171875,234.89999389648438,237.49000549316406,237.49000549316406,92379400,TESLA
2024-01-08,236.13999938964844,241.25,235.3000030517578,240.4499969482422,240.4499969482422,85166600,TESLA
2024-01-09,238.11000061035156,238.9600067138672,232.0399932861328,234.9600067138672,234.9600067138672,96705700,TESLA
2024-01-10,235.10000610351562,235.5,231.2899932861328,233.94000244140625,233.94000244140625,91628500,TESLA
2024-01-11,230.57000732421875,230.92999267578125,225.3699951171875,227.22000122070312,227.22000122070312,105873600,TESLA
2024-01-12,220.0800018310547,225.33999633789062,217.14999389648438,218.88999938964844,218.88999938964844,122889000,TESLA
2024-01-16,215.10000610351562,223.49000549316406,212.17999267578125,219.91000366210938,219.91000366210938,115355000,TESLA
2024-01-17,214.86000061035156,215.6699981689453,212.00999450683594,215.5500030517578,215.5500030517578,103164400,TESLA
2024-01-18,216.8800048828125,217.4499969482422,208.74000549316406,211.8800048828125,211.8800048828125,108595400,TESLA
2024-01-19,209.99000549316406,213.19000244140625,207.55999755859375,212.19000244140625,212.19000244140625,102095800,TESLA
2024-01-22,212.25999450683594,217.8000030517578,206.27000427246094,208.8000030517578,208.8000030517578,117952500,TESLA
2024-01-23,211.3000030517578,215.64999389648438,207.75,209.13999938964844,209.13999938964844,106605900,TESLA
2024-01-24,211.8800048828125,212.72999572753906,206.77000427246094,207.8300018310547,207.8300018310547,123369900,TESLA
2024-01-25,189.6999969482422,193.0,180.05999755859375,182.6300048828125,182.6300048828125,198076800,TESLA
2024-01-26,185.5,186.77999877929688,182.10000610351562,183.25,183.25,107343200,TESLA
2024-01-29,185.6300048828125,191.47999572753906,183.6699981689453,190.92999267578125,190.92999267578125,125013100,TESLA
2024-01-30,195.3300018310547,196.36000061035156,190.61000061035156,191.58999633789062,191.58999633789062,109982300,TESLA
2024-01-31,187.0,193.97000122070312,185.85000610351562,187.2899932861328,187.2899932861328,103221400,TESLA
2024-02-01,188.5,189.8800048828125,184.27999877929688,188.86000061035156,188.86000061035156,91843300,TESLA
2024-02-02,185.0399932861328,188.69000244140625,182.0,187.91000366210938,187.91000366210938,110505100,TESLA
2024-02-05,184.25999450683594,184.67999267578125,175.00999450683594,181.05999755859375,181.05999755859375,134294400,TESLA
2024-02-06,177.2100067138672,186.49000549316406,177.11000061035156,185.10000610351562,185.10000610351562,122676000,TESLA
2024-02-07,188.17999267578125,189.7899932861328,182.67999267578125,187.5800018310547,187.5800018310547,111535200,TESLA
2024-02-08,189.0,191.6199951171875,185.5800018310547,189.55999755859375,189.55999755859375,83034000,TESLA
2024-02-09,190.17999267578125,194.1199951171875,189.47999572753906,193.57000732421875,193.57000732421875,84476300,TESLA
2024-02-12,192.11000061035156,194.72999572753906,187.27999877929688,188.1300048828125,188.1300048828125,95498600,TESLA
2024-02-13,183.99000549316406,187.25999450683594,182.11000061035156,184.02000427246094,184.02000427246094,86759500,TESLA
2024-02-14,185.3000030517578,188.88999938964844,183.35000610351562,188.7100067138672,188.7100067138672,81203000,TESLA
2024-02-15,189.16000366210938,200.8800048828125,188.86000061035156,200.4499969482422,200.4499969482422,120831800,TESLA
2024-02-16,202.05999755859375,203.1699981689453,197.39999389648438,199.9499969482422,199.9499969482422,111173600,TESLA
2024-02-20,196.1300048828125,198.60000610351562,189.1300048828125,193.75999450683594,193.75999450683594,104545800,TESLA
2024-02-21,193.36000061035156,199.44000244140625,191.9499969482422,194.77000427246094,194.77000427246094,103844000,TESLA
2024-02-22,194.0,198.32000732421875,191.36000061035156,197.41000366210938,197.41000366210938,92739500,TESLA
2024-02-23,195.30999755859375,197.57000732421875,191.5,191.97000122070312,191.97000122070312,78841900,TESLA
2024-02-26,192.2899932861328,201.77999877929688,192.0,199.39999389648438,199.39999389648438,111747100,TESLA
2024-02-27,204.0399932861328,205.60000610351562,198.25999450683594,199.72999572753906,199.72999572753906,108645400,TESLA
2024-02-28,200.4199981689453,205.3000030517578,198.44000244140625,202.0399932861328,202.0399932861328,99806200,TESLA
2024-02-29,204.17999267578125,205.27999877929688,198.4499969482422,201.8800048828125,201.8800048828125,85907000,TESLA
2024-03-01,200.52000427246094,204.52000427246094,198.5,202.63999938964844,202.63999938964844,82099200,TESLA
2024-03-04,198.72999572753906,199.75,186.72000122070312,188.13999938964844,188.13999938964844,134334900,TESLA
2024-03-05,183.0500030517578,184.58999633789062,177.57000732421875,180.74000549316406,180.74000549316406,119660800,TESLA
2024-03-06,179.99000549316406,181.5800018310547,173.6999969482422,176.5399932861328,176.5399932861328,107920900,TESLA
2024-03-07,174.35000610351562,180.0399932861328,173.6999969482422,178.64999389648438,178.64999389648438,102129000,TESLA
2024-03-08,181.5,182.72999572753906,174.6999969482422,175.33999633789062,175.33999633789062,85315300,TESLA
2024-03-11,175.4499969482422,182.8699951171875,174.8000030517578,177.77000427246094,177.77000427246094,85391500,TESLA
2024-03-12,177.77000427246094,179.42999267578125,172.41000366210938,177.5399932861328,177.5399932861328,87391700,TESLA
2024-03-13,173.0500030517578,176.0500030517578,169.14999389648438,169.47999572753906,169.47999572753906,106524500,TESLA
2024-03-14,167.77000427246094,171.1699981689453,160.50999450683594,162.5,162.5,126325700,TESLA
2024-03-15,163.16000366210938,165.17999267578125,160.75999450683594,163.57000732421875,163.57000732421875,96971900,TESLA
2024-03-18,170.02000427246094,174.72000122070312,165.89999389648438,173.8000030517578,173.8000030517578,108214400,TESLA
2024-03-19,172.36000061035156,172.82000732421875,167.4199981689453,171.32000732421875,171.32000732421875,77271400,TESLA
2024-03-20,173.0,176.25,170.82000732421875,175.66000366210938,175.66000366210938,83846700,TESLA
2024-03-21,176.38999938964844,178.17999267578125,171.8000030517578,172.82000732421875,172.82000732421875,73178000,TESLA
2024-03-22,166.69000244140625,171.1999969482422,166.3000030517578,170.8300018310547,170.8300018310547,75454700,TESLA
2024-03-25,168.75999450683594,175.24000549316406,168.72999572753906,172.6300048828125,172.6300048828125,74228600,TESLA
2024-03-26,178.5800018310547,184.25,177.3800048828125,177.6699981689453,177.6699981689453,113186200,TESLA
2024-03-27,181.41000366210938,181.91000366210938,176.0,179.8300018310547,179.8300018310547,81804000,TESLA
2024-03-28,177.4499969482422,179.57000732421875,175.3000030517578,175.7899932861328,175.7899932861328,77654800,TESLA
2024-04-01,176.1699981689453,176.75,170.2100067138672,175.22000122070312,175.22000122070312,81562100,TESLA
2024-04-02,164.75,167.69000244140625,163.42999267578125,166.6300048828125,166.6300048828125,116650600,TESLA
2024-04-03,164.02000427246094,168.82000732421875,163.27999877929688,168.3800048828125,168.3800048828125,82950100,TESLA
2024-04-04,170.07000732421875,177.19000244140625,168.00999450683594,171.11000061035156,171.11000061035156,123162000,TESLA
2024-04-05,169.0800018310547,170.86000061035156,160.50999450683594,164.89999389648438,164.89999389648438,141250700,TESLA
2024-04-08,169.33999633789062,174.5,167.7899932861328,172.97999572753906,172.97999572753906,104423300,TESLA
2024-04-09,172.91000366210938,179.22000122070312,171.9199981689453,176.8800048828125,176.8800048828125,103232700,TESLA
2024-04-10,173.0399932861328,174.92999267578125,170.00999450683594,171.75999450683594,171.75999450683594,84532400,TESLA
2024-04-11,172.5500030517578,175.8800048828125,168.50999450683594,174.60000610351562,174.60000610351562,94516000,TESLA
2024-04-12,172.33999633789062,173.80999755859375,170.36000061035156,171.0500030517578,171.0500030517578,64506600,TESLA
2024-04-15,170.24000549316406,170.69000244140625,161.3800048828125,161.47999572753906,161.47999572753906,100245300,TESLA
2024-04-16,156.74000549316406,158.19000244140625,153.75,157.11000061035156,157.11000061035156,97000000,TESLA
2024-04-17,157.63999938964844,158.3300018310547,153.77999877929688,155.4499969482422,155.4499969482422,82439700,TESLA
2024-04-18,151.25,152.1999969482422,148.6999969482422,149.92999267578125,149.92999267578125,96098800,TESLA
2024-04-19,148.97000122070312,150.94000244140625,146.22000122070312,147.0500030517578,147.0500030517578,86005100,TESLA
2024-04-22,140.55999755859375,144.44000244140625,138.8000030517578,142.0500030517578,142.0500030517578,107097600,TESLA
2024-04-23,143.3300018310547,147.25999450683594,141.11000061035156,144.67999267578125,144.67999267578125,124545100,TESLA
2024-04-24,162.83999633789062,167.97000122070312,157.50999450683594,162.1300048828125,162.1300048828125,181178000,TESLA
2024-04-25,158.9600067138672,170.8800048828125,158.36000061035156,170.17999267578125,170.17999267578125,126427500,TESLA
2024-04-26,168.85000610351562,172.1199951171875,166.3699951171875,168.2899932861328,168.2899932861328,109815700,TESLA
2024-04-29,188.4199981689453,198.8699951171875,184.5399932861328,194.0500030517578,194.0500030517578,243869700,TESLA
2024-04-30,186.97999572753906,190.9499969482422,182.83999633789062,183.27999877929688,183.27999877929688,127031800,TESLA
2024-05-01,182.0,185.86000061035156,179.00999450683594,179.99000549316406,179.99000549316406,92829700,TESLA
2024-05-02,182.86000061035156,184.60000610351562,176.02000427246094,180.00999450683594,180.00999450683594,89148000,TESLA
2024-05-03,182.10000610351562,184.77999877929688,178.4199981689453,181.19000244140625,181.19000244140625,75491500,TESLA
2024-05-06,183.8000030517578,187.55999755859375,182.1999969482422,184.75999450683594,184.75999450683594,84390300,TESLA
2024-05-07,182.39999389648438,183.25999450683594,177.39999389648438,177.80999755859375,177.80999755859375,75045900,TESLA
2024-05-08,171.58999633789062,176.05999755859375,170.14999389648438,174.72000122070312,174.72000122070312,79969500,TESLA
2024-05-09,175.00999450683594,175.6199951171875,171.3699951171875,171.97000122070312,171.97000122070312,65950300,TESLA
2024-05-10,173.0500030517578,173.05999755859375,167.75,168.47000122070312,168.47000122070312,72627200,TESLA
2024-05-13,170.0,175.39999389648438,169.0,171.88999938964844,171.88999938964844,67018900,TESLA
2024-05-14,174.5,179.49000549316406,174.07000732421875,177.5500030517578,177.5500030517578,86407400,TESLA
2024-05-15,179.89999389648438,180.0,173.11000061035156,173.99000549316406,173.99000549316406,79663000,TESLA
2024-05-16,174.10000610351562,175.7899932861328,171.42999267578125,174.83999633789062,174.83999633789062,59812200,TESLA
2024-05-17,173.5500030517578,179.6300048828125,172.75,177.4600067138672,177.4600067138672,77445800,TESLA
2024-05-20,177.55999755859375,177.75,173.52000427246094,174.9499969482422,174.9499969482422,61727400,TESLA
2024-05-21,175.50999450683594,186.8800048828125,174.7100067138672,186.60000610351562,186.60000610351562,115266500,TESLA
2024-05-22,182.85000610351562,183.8000030517578,178.1199951171875,180.11000061035156,180.11000061035156,88313500,TESLA
2024-05-23,181.8000030517578,181.89999389648438,173.25999450683594,173.74000549316406,173.74000549316406,71975500,TESLA
2024-05-24,174.83999633789062,180.0800018310547,173.72999572753906,179.24000549316406,179.24000549316406,65479700,TESLA
2024-05-28,176.39999389648438,178.25,173.16000366210938,176.75,176.75,59736600,TESLA
2024-05-29,174.19000244140625,178.14999389648438,173.92999267578125,176.19000244140625,176.19000244140625,54782600,TESLA
2024-05-30,178.5800018310547,182.6699981689453,175.3800048828125,178.7899932861328,178.7899932861328,77784800,TESLA
2024-05-31,178.5,180.32000732421875,173.82000732421875,178.0800018310547,178.0800018310547,67314600,TESLA
2024-06-03,178.1300048828125,182.63999938964844,174.49000549316406,176.2899932861328,176.2899932861328,68568900,TESLA
2024-06-04,174.77999877929688,177.75999450683594,174.0,174.77000427246094,174.77000427246094,60056300,TESLA
2024-06-05,175.35000610351562,176.14999389648438,172.1300048828125,175.0,175.0,57953800,TESLA
2024-06-06,174.60000610351562,179.72999572753906,172.72999572753906,177.94000244140625,177.94000244140625,69887000,TESLA
2024-06-07,176.1300048828125,179.35000610351562,175.5800018310547,177.47999572753906,177.47999572753906,56244900,TESLA
2024-06-10,176.05999755859375,178.57000732421875,173.1699981689453,173.7899932861328,173.7899932861328,50869700,TESLA
2024-06-11,173.9199981689453,174.75,167.41000366210938,170.66000366210938,170.66000366210938,64761900,TESLA
2024-06-12,171.1199951171875,180.5500030517578,169.8000030517578,177.2899932861328,177.2899932861328,90389400,TESLA
2024-06-13,188.38999938964844,191.0800018310547,181.22999572753906,182.47000122070312,182.47000122070312,118984100,TESLA
2024-06-14,185.8000030517578,186.0,176.9199981689453,178.00999450683594,178.00999450683594,82038200,TESLA
2024-06-17,177.9199981689453,188.80999755859375,177.0,187.44000244140625,187.44000244140625,109786100,TESLA
2024-06-18,186.55999755859375,187.1999969482422,182.3699951171875,184.86000061035156,184.86000061035156,68982300,TESLA
2024-06-20,184.67999267578125,185.2100067138672,179.66000366210938,181.57000732421875,181.57000732421875,55893100,TESLA
2024-06-21,182.3000030517578,183.9499969482422,180.69000244140625,183.00999450683594,183.00999450683594,63029500,TESLA
2024-06-24,184.97000122070312,188.8000030517578,182.5500030517578,182.5800018310547,182.5800018310547,61992100,TESLA
2024-06-25,184.39999389648438,187.97000122070312,182.00999450683594,187.35000610351562,187.35000610351562,63678300,TESLA
2024-06-26,186.5399932861328,197.75999450683594,186.36000061035156,196.3699951171875,196.3699951171875,95737100,TESLA
2024-06-27,195.1699981689453,198.72000122070312,194.0500030517578,197.4199981689453,197.4199981689453,72746500,TESLA
2024-06-28,199.5500030517578,203.1999969482422,195.25999450683594,197.8800048828125,197.8800048828125,95438100,TESLA
2024-07-01,201.02000427246094,213.22999572753906,200.85000610351562,209.86000061035156,209.86000061035156,135691400,TESLA
2024-07-02,218.88999938964844,231.3000030517578,218.05999755859375,231.25999450683594,231.25999450683594,205047900,TESLA
2024-07-03,234.55999755859375,248.35000610351562,234.25,246.38999938964844,246.38999938964844,166561500,TESLA
2024-07-05,249.80999755859375,252.3699951171875,242.4600067138672,251.52000427246094,251.52000427246094,154501200,TESLA
2024-07-08,247.7100067138672,259.44000244140625,244.57000732421875,252.94000244140625,252.94000244140625,157219600,TESLA
2024-07-09,251.0,265.6099853515625,250.3000030517578,262.3299865722656,262.3299865722656,160210900,TESLA
2024-07-10,262.79998779296875,267.5899963378906,257.8599853515625,263.260009765625,263.260009765625,128519400,TESLA
2024-07-11,263.29998779296875,271.0,239.64999389648438,241.02999877929688,241.02999877929688,221707300,TESLA
2024-07-12,235.8000030517578,251.83999633789062,233.08999633789062,248.22999572753906,248.22999572753906,155955800,TESLA
2024-07-15,255.97000122070312,265.6000061035156,251.72999572753906,252.63999938964844,252.63999938964844,146912900,TESLA
2024-07-16,255.30999755859375,258.6199951171875,245.8000030517578,256.55999755859375,256.55999755859375,126332500,TESLA
2024-07-17,252.72999572753906,258.4700012207031,246.17999267578125,248.5,248.5,115584800,TESLA
2024-07-18,251.08999633789062,257.1400146484375,247.1999969482422,249.22999572753906,249.22999572753906,110869000,TESLA
2024-07-19,247.7899932861328,249.44000244140625,236.8300018310547,239.1999969482422,239.1999969482422,87403900,TESLA
2024-07-22,244.2100067138672,253.2100067138672,243.75,251.50999450683594,251.50999450683594,101225400,TESLA
2024-07-23,253.60000610351562,255.75999450683594,245.6300048828125,246.3800048828125,246.3800048828125,111928200,TESLA
2024-07-24,225.4199981689453,225.99000549316406,214.7100067138672,215.99000549316406,215.99000549316406,167942900,TESLA
2024-07-25,216.8000030517578,226.0,216.22999572753906,220.25,220.25,100636500,TESLA
2024-07-26,221.19000244140625,222.27999877929688,215.3300018310547,219.8000030517578,219.8000030517578,94483000,TESLA
2024-07-29,224.9980010986328,234.27000427246094,224.8699951171875,230.8800048828125,230.8800048828125,108649843,TESLA
