Datetime,Adj Close_AAPL,Adj Close_IBM,Adj Close_TSLA,Close_AAPL,Close_IBM,Close_TSLA,High_AAPL,High_IBM,High_TSLA,Low_AAPL,Low_IBM,Low_TSLA,Open_AAPL,Open_IBM,Open_TSLA,Volume_AAPL,Volume_IBM,Volume_TSLA
2024-06-17 09:30:00-04:00,212.9936065673828,168.1300048828125,180.19970703125,212.9936065673828,168.1300048828125,180.19970703125,214.44000244140625,168.75999450683594,180.3000030517578,212.9600067138672,167.82000732421875,177.0,213.3000030517578,168.75999450683594,177.9499969482422,5198111,139002.0,5019092
2024-06-17 09:35:00-04:00,213.3159942626953,167.5449981689453,180.16720581054688,213.3159942626953,167.5449981689453,180.16720581054688,213.7050018310547,168.25,180.94000244140625,212.72000122070312,167.5,179.6999969482422,212.9949951171875,168.15499877929688,180.19500732421875,1672453,41521.0,2596640
2024-06-17 09:40:00-04:00,213.7239990234375,168.02000427246094,180.4080047607422,213.7239990234375,168.02000427246094,180.4080047607422,214.0800018310547,168.0800018310547,180.73989868164065,213.25,167.5,179.4199981689453,213.3300018310547,167.53500366210938,180.17999267578125,1409081,35748.0,2257603
2024-06-17 09:45:00-04:00,213.57000732421875,168.4600067138672,180.8699951171875,213.57000732421875,168.4600067138672,180.8699951171875,214.8000030517578,168.4600067138672,181.6100006103516,213.22999572753903,168.0009002685547,180.4149932861328,213.72000122070312,168.02000427246094,180.4199981689453,2134755,30790.0,2477614
2024-06-17 09:50:00-04:00,213.46310424804688,168.3000030517578,181.06500244140625,213.46310424804688,168.3000030517578,181.06500244140625,213.58999633789065,168.6999969482422,181.4900054931641,212.9600067138672,168.3000030517578,180.44000244140625,213.55999755859372,168.52000427246094,180.8600006103516,1350967,20405.0,1419959
2024-06-17 09:55:00-04:00,213.5500030517578,168.07000732421875,180.9149932861328,213.5500030517578,168.07000732421875,180.9149932861328,213.57000732421875,168.30999755859375,181.2700042724609,213.1300048828125,167.89999389648438,180.32000732421875,213.47000122070312,168.30999755859375,181.04330444335935,779974,34190.0,1341826
2024-06-17 10:00:00-04:00,214.46800231933597,168.2100067138672,181.16000366210935,214.46800231933597,168.2100067138672,181.16000366210935,214.5800018310547,168.30999755859375,181.6699981689453,213.52999877929688,168.00999450683594,180.6199951171875,213.5399932861328,168.11000061035156,180.9199981689453,1267039,32545.0,1636782
2024-06-17 10:05:00-04:00,215.38999938964844,167.97999572753906,181.2100067138672,215.38999938964844,167.97999572753906,181.2100067138672,215.4900054931641,168.28990173339844,181.4698944091797,214.30999755859372,167.9499969482422,180.77999877929688,214.38999938964844,168.1999969482422,181.1649932861328,3428622,29312.0,1045031
2024-06-17 10:10:00-04:00,215.8950042724609,168.2050018310547,181.18960571289065,215.8950042724609,168.2050018310547,181.18960571289065,216.08999633789065,168.22999572753906,181.4900054931641,215.3699951171875,167.94000244140625,180.67999267578125,215.38999938964844,167.97000122070312,181.19000244140625,2222478,19833.0,1102750
2024-06-17 10:15:00-04:00,215.52670288085935,168.0500030517578,181.6300048828125,215.52670288085935,168.0500030517578,181.6300048828125,215.9499969482422,168.27999877929688,181.7400054931641,215.1999969482422,168.02000427246094,181.0399932861328,215.90499877929688,168.24000549316406,181.16000366210935,1489439,22903.0,1471535
2024-06-17 10:20:00-04:00,215.9850006103516,168.0800018310547,182.0500030517578,215.9850006103516,168.0800018310547,182.0500030517578,216.1499938964844,168.27999877929688,182.2899932861328,215.3800048828125,167.9600067138672,181.6300048828125,215.5200042724609,168.07000732421875,181.63999938964844,1075378,35984.0,1852508
2024-06-17 10:25:00-04:00,216.0914001464844,167.9499969482422,181.9671936035156,216.0914001464844,167.9499969482422,181.9671936035156,216.4900054931641,168.1699981689453,182.2400054931641,215.97000122070312,167.89999389648438,181.5500030517578,215.9980010986328,168.11000061035156,182.0399932861328,1550931,17791.0,1150866
2024-06-17 10:30:00-04:00,216.08999633789065,168.10000610351562,183.4149932861328,216.08999633789065,168.10000610351562,183.4149932861328,216.3999938964844,168.17999267578125,183.5498962402344,215.8300018310547,167.90499877929688,181.91000366210935,216.08999633789065,167.9770050048828,181.97000122070312,1095022,21726.0,2391977
2024-06-17 10:35:00-04:00,216.13999938964844,167.88999938964844,184.98159790039065,216.13999938964844,167.88999938964844,184.98159790039065,216.27999877929688,168.14999389648438,185.16000366210935,215.7400054931641,167.88999938964844,183.2100067138672,216.0901031494141,168.08999633789062,183.4149932861328,1035555,18552.0,3307915
2024-06-17 10:40:00-04:00,215.56640625,167.93499755859375,185.1100006103516,215.56640625,167.93499755859375,185.1100006103516,216.1479949951172,168.02999877929688,185.18899536132807,215.3300018310547,167.8699951171875,184.3699951171875,216.13999938964844,167.89500427246094,184.9783935546875,906463,27200.0,2800490
2024-06-17 10:45:00-04:00,215.80999755859372,168.02000427246094,184.0399932861328,215.80999755859372,168.02000427246094,184.0399932861328,215.9900054931641,168.10000610351562,185.3500061035156,215.50999450683597,167.91000366210938,184.02999877929688,215.568603515625,167.93499755859375,185.1199951171875,885384,32924.0,2166489
2024-06-17 10:50:00-04:00,216.1000061035156,168.35499572753906,184.7400054931641,216.1000061035156,168.35499572753906,184.7400054931641,216.1199951171875,168.36000061035156,184.88999938964844,215.8000030517578,167.99000549316406,183.8300018310547,215.8000030517578,168.01499938964844,184.01010131835935,736621,25481.0,1981786
2024-06-17 10:55:00-04:00,216.8800048828125,168.4199981689453,185.83999633789065,216.8800048828125,168.4199981689453,185.83999633789065,217.01010131835935,168.4199981689453,185.90989685058597,216.07000732421875,168.2949981689453,184.50999450683597,216.1100006103516,168.3699951171875,184.72999572753903,1698503,34067.0,1893136
2024-06-17 11:00:00-04:00,216.75999450683597,168.53500366210938,186.3583068847656,216.75999450683597,168.53500366210938,186.3583068847656,217.17999267578125,168.53500366210938,186.5489959716797,216.5113983154297,168.39999389648438,185.79010009765625,216.8800048828125,168.4499969482422,185.8459014892578,1274213,12922.0,2395369
2024-06-17 11:05:00-04:00,216.88999938964844,168.3300018310547,186.08999633789065,216.88999938964844,168.3300018310547,186.08999633789065,217.3300018310547,168.57000732421875,186.6300048828125,216.69000244140625,168.3000030517578,185.88999938964844,216.75999450683597,168.52999877929688,186.36019897460935,1153233,34637.0,1727659
2024-06-17 11:10:00-04:00,216.3867034912109,168.55999755859375,185.01499938964844,216.3867034912109,168.55999755859375,185.01499938964844,216.88999938964844,168.61000061035156,186.12399291992188,216.1499938964844,168.22999572753906,184.75,216.8699951171875,168.32000732421875,186.0998992919922,953586,64859.0,1855581
2024-06-17 11:15:00-04:00,216.3249969482422,168.69000244140625,184.7749938964844,216.3249969482422,168.69000244140625,184.7749938964844,216.7899932861328,168.7799072265625,185.2899932861328,216.2350006103516,168.52000427246094,184.55999755859372,216.38999938964844,168.55999755859375,185.0,719518,82263.0,1336954
2024-06-17 11:20:00-04:00,216.35499572753903,168.92999267578125,185.21499633789065,216.35499572753903,168.92999267578125,185.21499633789065,216.4900054931641,168.94000244140625,185.4499969482422,216.1499938964844,168.5,184.3999938964844,216.3249969482422,168.6999969482422,184.7749938964844,626086,16970.0,1178625
2024-06-17 11:25:00-04:00,216.3314971923828,168.8000030517578,185.5800018310547,216.3314971923828,168.8000030517578,185.5800018310547,216.58999633789065,168.94000244140625,185.9398956298828,216.1999969482422,168.72999572753906,185.1300048828125,216.3699951171875,168.94000244140625,185.21499633789065,668598,18243.0,1366214
2024-06-17 11:30:00-04:00,216.33009338378903,168.89999389648438,186.3018035888672,216.33009338378903,168.89999389648438,186.3018035888672,216.44000244140625,168.97999572753906,186.38999938964844,216.16000366210935,168.72999572753906,185.44000244140625,216.3300018310547,168.8000030517578,185.5850067138672,530247,21709.0,1386313
2024-06-17 11:35:00-04:00,216.3500061035156,168.7899932861328,185.9900054931641,216.3500061035156,168.7899932861328,185.9900054931641,216.4600067138672,168.97999572753906,186.4600067138672,216.08999633789065,168.7899932861328,185.71029663085935,216.34390258789065,168.89999389648438,186.30160522460935,610430,15714.0,1162102
2024-06-17 11:40:00-04:00,216.6199951171875,168.71009826660156,185.76010131835935,216.6199951171875,168.71009826660156,185.76010131835935,216.8300018310547,168.80999755859375,186.0500030517578,216.3500061035156,168.6999969482422,185.7100067138672,216.3553924560547,168.7899932861328,185.9900054931641,752421,15363.0,664621
2024-06-17 11:45:00-04:00,216.76499938964844,168.5800018310547,185.41000366210935,216.76499938964844,168.5800018310547,185.41000366210935,216.85499572753903,168.75999450683594,186.1699066162109,216.5399932861328,168.5399932861328,185.3000030517578,216.6199951171875,168.74000549316406,185.78500366210935,510664,19102.0,1148480
2024-06-17 11:50:00-04:00,216.4340057373047,168.5800018310547,185.5343017578125,216.4340057373047,168.5800018310547,185.5343017578125,217.07000732421875,168.6699981689453,185.74989318847656,216.33999633789065,168.5500030517578,185.25999450683597,216.7700042724609,168.61000061035156,185.41000366210935,773138,14593.0,707617
2024-06-17 11:55:00-04:00,216.34500122070312,168.74000549316406,185.8000030517578,216.34500122070312,168.74000549316406,185.8000030517578,216.4694976806641,168.8249969482422,185.91000366210935,215.82000732421875,168.5399932861328,185.25999450683597,216.4398956298828,168.58999633789062,185.52239990234372,1565880,22428.0,754835
2024-06-17 12:00:00-04:00,216.30999755859372,168.8300018310547,186.3600006103516,216.30999755859372,168.8300018310547,186.3600006103516,216.4900054931641,168.88999938964844,186.3699951171875,216.26499938964844,168.73500061035156,185.6300048828125,216.33999633789065,168.73500061035156,185.80499267578125,492557,9538.0,968479
2024-06-17 12:05:00-04:00,216.4199066162109,168.77999877929688,186.92999267578125,216.4199066162109,168.77999877929688,186.92999267578125,216.4850006103516,168.86000061035156,187.0399932861328,216.1811981201172,168.74000549316406,186.22210693359372,216.31500244140625,168.83999633789062,186.3650054931641,560708,21297.0,1916900
2024-06-17 12:10:00-04:00,216.33999633789065,168.83999633789062,186.5500030517578,216.33999633789065,168.83999633789062,186.5500030517578,216.4499969482422,168.889892578125,187.15870666503903,216.28140258789065,168.67999267578125,186.2400054931641,216.4199981689453,168.75999450683594,186.92999267578125,354267,19643.0,1276244
2024-06-17 12:15:00-04:00,216.375,168.72000122070312,186.53140258789065,216.375,168.72000122070312,186.53140258789065,216.5500030517578,168.86000061035156,186.67999267578125,216.25999450683597,168.7100067138672,186.25,216.33999633789065,168.83999633789062,186.54640197753903,484456,13504.0,688951
2024-06-17 12:20:00-04:00,216.5399932861328,168.8300018310547,186.25010681152344,216.5399932861328,168.8300018310547,186.25010681152344,216.6499938964844,168.8300018310547,186.66000366210935,216.2899932861328,168.64999389648438,186.1501007080078,216.3715057373047,168.7100067138672,186.5200958251953,402554,18764.0,630536
2024-06-17 12:25:00-04:00,216.5399932861328,169.0,186.16769409179688,216.5399932861328,169.0,186.16769409179688,216.81219482421875,169.02000427246094,186.3999938964844,216.2899932861328,168.77499389648438,185.83999633789065,216.5399932861328,168.82000732421875,186.27999877929688,568572,23220.0,908846
2024-06-17 12:30:00-04:00,216.3484039306641,169.07000732421875,185.99989318847656,216.3484039306641,169.07000732421875,185.99989318847656,216.75999450683597,169.14999389648438,186.55999755859372,216.25,168.9499969482422,185.75,216.5399932861328,169.05999755859375,186.17999267578125,567907,15009.0,900553
2024-06-17 12:35:00-04:00,216.3300018310547,168.96009826660156,185.5399932861328,216.3300018310547,168.96009826660156,185.5399932861328,216.44000244140625,169.0998992919922,186.0500030517578,216.22000122070312,168.94000244140625,185.3999938964844,216.3419952392578,169.05999755859375,185.97999572753903,442896,14325.0,812054
2024-06-17 12:40:00-04:00,216.63479614257807,168.96319580078125,185.25750732421875,216.63479614257807,168.96319580078125,185.25750732421875,216.6999969482422,168.97999572753906,185.65989685058597,216.1300048828125,168.85000610351562,185.1699981689453,216.3249969482422,168.97259521484375,185.5498962402344,521286,17859.0,805385
2024-06-17 12:45:00-04:00,217.0500030517578,169.0800018310547,184.7700042724609,217.0500030517578,169.0800018310547,184.7700042724609,217.1699981689453,169.11000061035156,185.3000030517578,216.6215057373047,168.9199981689453,184.7400054931641,216.6300048828125,168.94500732421875,185.2700042724609,741748,13273.0,909341
2024-06-17 12:50:00-04:00,217.15499877929688,168.97000122070312,185.1000061035156,217.15499877929688,168.97000122070312,185.1000061035156,217.2700042724609,169.1199951171875,185.1999969482422,216.97000122070312,168.97000122070312,184.4499969482422,217.05999755859372,169.1199951171875,184.7899932861328,499848,10760.0,1153251
2024-06-17 12:55:00-04:00,217.07400512695312,168.9197998046875,184.9600067138672,217.07400512695312,168.9197998046875,184.9600067138672,217.1750030517578,168.98379516601562,185.3000030517578,216.8000030517578,168.8300018310547,184.82000732421875,217.16000366210935,168.98379516601562,185.1000061035156,583271,20721.0,664786
2024-06-17 13:00:00-04:00,217.0998992919922,169.0800018310547,185.625,217.0998992919922,169.0800018310547,185.625,217.2292938232422,169.0800018310547,185.6499938964844,217.02999877929688,168.83999633789062,184.94000244140625,217.0800018310547,168.9250030517578,184.97999572753903,441690,19686.0,773040
2024-06-17 13:05:00-04:00,217.0,168.97000122070312,185.60009765625,217.0,168.97000122070312,185.60009765625,217.1100006103516,169.1300048828125,185.6699981689453,216.8000030517578,168.97000122070312,185.1999969482422,217.10499572753903,169.0800018310547,185.6100006103516,416833,19544.0,508542
2024-06-17 13:10:00-04:00,217.13499450683597,169.17999267578125,186.07000732421875,217.13499450683597,169.17999267578125,186.07000732421875,217.3999938964844,169.20950317382812,186.0800018310547,216.9149932861328,168.9600067138672,185.5,216.99310302734372,168.97999572753906,185.6000061035156,542577,18459.0,715063
2024-06-17 13:15:00-04:00,217.97999572753903,169.19900512695312,186.9499053955078,217.97999572753903,169.19900512695312,186.9499053955078,218.0,169.1999969482422,186.9900054931641,217.1300048828125,169.08999633789062,186.07009887695312,217.1300048828125,169.1699981689453,186.08999633789065,1027307,30695.0,1204491
2024-06-17 13:20:00-04:00,217.71620178222656,169.08999633789062,186.7899932861328,217.71620178222656,169.08999633789062,186.7899932861328,218.1000061035156,169.26499938964844,187.27999877929688,217.5,169.04330444335938,186.6419982910156,217.9700927734375,169.1999969482422,186.92999267578125,1044637,20418.0,1329583
2024-06-17 13:25:00-04:00,217.82000732421875,169.05499267578125,187.139892578125,217.82000732421875,169.05499267578125,187.139892578125,217.94000244140625,169.13999938964844,187.25,217.6410980224609,169.0225067138672,186.55999755859372,217.72000122070312,169.11500549316406,186.7949981689453,635754,13465.0,980657
2024-06-17 13:30:00-04:00,218.2350006103516,169.3699951171875,186.7350006103516,218.2350006103516,169.3699951171875,186.7350006103516,218.2400054931641,169.3699951171875,187.17999267578125,217.75,169.05499267578125,186.6699981689453,217.8300018310547,169.07000732421875,187.1300048828125,603636,26310.0,739507
2024-06-17 13:35:00-04:00,218.51400756835935,169.49000549316406,186.9900054931641,218.51400756835935,169.49000549316406,186.9900054931641,218.7400054931641,169.5,187.1699981689453,218.22000122070312,169.3699951171875,186.7393951416016,218.2494964599609,169.39999389648438,186.74989318847656,983305,12569.0,936795
2024-06-17 13:40:00-04:00,218.19039916992188,169.41000366210938,187.30999755859372,218.19039916992188,169.41000366210938,187.30999755859372,218.6699981689453,169.5050048828125,187.41000366210935,218.19039916992188,169.35000610351562,187.0,218.51499938964844,169.47000122070312,187.0,735179,37408.0,910798
2024-06-17 13:45:00-04:00,218.2404022216797,169.35499572753906,187.7449951171875,218.2404022216797,169.35499572753906,187.7449951171875,218.3600006103516,169.47000122070312,187.8300018310547,218.07000732421875,169.35000610351562,187.1699981689453,218.2001953125,169.4199981689453,187.3000030517578,575533,16356.0,905250
2024-06-17 13:50:00-04:00,218.3083953857422,169.40530395507812,188.59030151367188,218.3083953857422,169.40530395507812,188.59030151367188,218.36990356445312,169.4600067138672,188.7350006103516,217.97999572753903,169.36000061035156,187.70120239257807,218.2449951171875,169.36000061035156,187.72999572753903,628751,10999.0,1756711
2024-06-17 13:55:00-04:00,217.9398956298828,169.36000061035156,188.6300048828125,217.9398956298828,169.36000061035156,188.6300048828125,218.30990600585935,169.4499969482422,188.72999572753903,217.87249755859372,169.35000610351562,188.3300018310547,218.30990600585935,169.41000366210938,188.59030151367188,549683,22005.0,1058718
2024-06-17 14:00:00-04:00,218.49009704589844,169.4600067138672,188.5200042724609,218.49009704589844,169.4600067138672,188.5200042724609,218.5500030517578,169.52000427246094,188.72000122070312,217.91009521484372,169.3800048828125,188.32000732421875,217.9199981689453,169.3800048828125,188.6479949951172,675662,29874.0,1009078
2024-06-17 14:05:00-04:00,218.6540069580078,169.4499969482422,188.5399932861328,218.6540069580078,169.4499969482422,188.5399932861328,218.75,169.52999877929688,188.80999755859372,218.43499755859372,169.4219970703125,188.32000732421875,218.49310302734372,169.49000549316406,188.52330017089844,755592,31343.0,1052163
2024-06-17 14:10:00-04:00,217.8699951171875,169.42999267578125,188.1360015869141,217.8699951171875,169.42999267578125,188.1360015869141,218.7198944091797,169.5399932861328,188.7400054931641,217.8699951171875,169.4199981689453,188.1000061035156,218.66000366210935,169.47000122070312,188.52999877929688,711104,33384.0,815001
2024-06-17 14:15:00-04:00,218.55999755859372,169.40499877929688,187.5399932861328,218.55999755859372,169.40499877929688,187.5399932861328,218.55999755859372,169.5399932861328,188.1999969482422,217.8699951171875,169.36000061035156,187.37879943847656,217.8699951171875,169.44000244140625,188.1300048828125,896892,29089.0,1196638
2024-06-17 14:20:00-04:00,218.47000122070312,169.38999938964844,187.4794006347656,218.47000122070312,169.38999938964844,187.4794006347656,218.59500122070312,169.4199981689453,187.58999633789065,218.1300048828125,169.32000732421875,187.3300018310547,218.5475006103516,169.3800048828125,187.5500030517578,670263,22629.0,693427
2024-06-17 14:25:00-04:00,218.3500061035156,169.47999572753906,187.1000061035156,218.3500061035156,169.47999572753906,187.1000061035156,218.4900054931641,169.5500030517578,187.6499938964844,218.0399932861328,169.36000061035156,186.9199981689453,218.4600067138672,169.4199981689453,187.4600982666016,740381,32181.0,1020286
2024-06-17 14:30:00-04:00,218.22999572753903,169.48500061035156,186.6999969482422,218.22999572753903,169.48500061035156,186.6999969482422,218.44000244140625,169.52000427246094,187.1499938964844,218.19500732421875,169.39500427246094,186.6100006103516,218.3451995849609,169.47000122070312,187.1100006103516,452996,19635.0,806684
2024-06-17 14:35:00-04:00,218.08999633789065,169.4199981689453,186.42999267578125,218.08999633789065,169.4199981689453,186.42999267578125,218.2949981689453,169.5,186.6999969482422,218.0200042724609,169.3800048828125,186.25,218.22000122070312,169.48500061035156,186.6999969482422,429196,14467.0,964363
2024-06-17 14:40:00-04:00,218.32000732421875,169.2100067138672,187.02999877929688,218.32000732421875,169.2100067138672,187.02999877929688,218.57000732421875,169.39999389648438,187.1300048828125,218.1000061035156,169.20050048828125,186.3500061035156,218.1000061035156,169.39999389648438,186.43499755859372,867058,22874.0,1151369
2024-06-17 14:45:00-04:00,218.55499267578125,169.22999572753906,187.72799682617188,218.55499267578125,169.22999572753906,187.72799682617188,218.55999755859372,169.2899932861328,187.75,218.2400054931641,169.1649932861328,186.9499969482422,218.3249969482422,169.23500061035156,187.0395050048828,583139,16594.0,1098112
2024-06-17 14:50:00-04:00,218.4750061035156,169.16360473632812,187.7899932861328,218.4750061035156,169.16360473632812,187.7899932861328,218.6699981689453,169.24000549316406,187.92990112304688,218.32749938964844,169.13999938964844,187.55999755859372,218.55990600585935,169.2100067138672,187.72360229492188,616094,20626.0,776839
2024-06-17 14:55:00-04:00,218.70660400390625,169.10000610351562,187.6053009033203,218.70660400390625,169.10000610351562,187.6053009033203,218.94500732421875,169.1649932861328,187.8600006103516,218.47000122070312,169.0500030517578,187.5110015869141,218.4750061035156,169.1649932861328,187.77999877929688,1151819,20917.0,677638
2024-06-17 15:00:00-04:00,218.25999450683597,169.13999938964844,186.7559051513672,218.25999450683597,169.13999938964844,186.7559051513672,218.7050018310547,169.1699981689453,187.6499938964844,218.1999969482422,169.0,186.7559051513672,218.6999969482422,169.0800018310547,187.6000061035156,731782,18613.0,885070
2024-06-17 15:05:00-04:00,218.1300048828125,169.0399932861328,187.1499938964844,218.1300048828125,169.0399932861328,187.1499938964844,218.4799041748047,169.11000061035156,187.1699981689453,218.1199951171875,168.99000549316406,186.7100067138672,218.25,169.10000610351562,186.75079345703125,1474166,24476.0,705514
2024-06-17 15:10:00-04:00,218.2100067138672,169.10499572753906,187.5800018310547,218.2100067138672,169.10499572753906,187.5800018310547,218.2899932861328,169.1300048828125,187.7400054931641,217.9600067138672,169.0301055908203,187.1199951171875,218.1199951171875,169.03500366210938,187.125,606804,18242.0,794915
2024-06-17 15:15:00-04:00,218.6150054931641,169.05039978027344,187.65499877929688,218.6150054931641,169.05039978027344,187.65499877929688,218.6499938964844,169.1699981689453,187.7700042724609,218.07000732421875,169.0500030517578,187.50999450683597,218.2700042724609,169.08999633789062,187.5699005126953,873484,29116.0,733212
2024-06-17 15:20:00-04:00,218.6199951171875,169.1300048828125,188.3350067138672,218.6199951171875,169.1300048828125,188.3350067138672,218.6499938964844,169.16000366210938,188.3650054931641,218.3300018310547,169.02499389648438,187.5500030517578,218.6199951171875,169.0509033203125,187.63999938964844,798032,22151.0,1251185
2024-06-17 15:25:00-04:00,218.15499877929688,169.25,188.4199981689453,218.15499877929688,169.25,188.4199981689453,218.66000366210935,169.25999450683594,188.5500030517578,218.1100006103516,169.0749969482422,188.24009704589844,218.6300048828125,169.1300048828125,188.3302001953125,799396,31907.0,898465
2024-06-17 15:30:00-04:00,218.0800018310547,169.44039916992188,188.0500030517578,218.0800018310547,169.44039916992188,188.0500030517578,218.33999633789065,169.49000549316406,188.69000244140625,217.7100067138672,169.19000244140625,188.00999450683597,218.16000366210935,169.23190307617188,188.4199981689453,1178088,30667.0,1258099
2024-06-17 15:35:00-04:00,217.2250061035156,169.52000427246094,188.08999633789065,217.2250061035156,169.52000427246094,188.08999633789065,218.0800018310547,169.52000427246094,188.38999938964844,217.16000366210935,169.3699951171875,187.58999633789065,218.0688934326172,169.49000549316406,188.0500030517578,1433668,36547.0,1710079
2024-06-17 15:40:00-04:00,217.3300018310547,169.38999938964844,188.2899932861328,217.3300018310547,169.38999938964844,188.2899932861328,217.6999969482422,169.57000732421875,188.3600006103516,217.02999877929688,169.33999633789062,188.07000732421875,217.22999572753903,169.5,188.0800018310547,1477342,41818.0,822960
2024-06-17 15:45:00-04:00,216.8000030517578,169.25,188.09230041503903,216.8000030517578,169.25,188.09230041503903,217.3999938964844,169.41000366210938,188.3000030517578,216.45050048828125,169.19000244140625,187.4199981689453,217.3300018310547,169.36000061035156,188.2899932861328,1598230,56073.0,1254058
2024-06-17 15:50:00-04:00,215.50999450683597,169.4499969482422,188.35260009765625,215.50999450683597,169.4499969482422,188.35260009765625,216.7949981689453,169.72000122070312,188.75,215.5,169.25999450683594,188.07000732421875,216.7899932861328,169.25999450683594,188.0800018310547,2607270,157427.0,2040902
2024-06-17 15:55:00-04:00,216.7100067138672,169.4949951171875,187.5200042724609,216.7100067138672,169.4949951171875,187.5200042724609,216.72999572753903,169.5399932861328,188.3500061035156,215.47999572753903,169.31500244140625,187.3000030517578,215.50999450683597,169.4600067138672,188.3500061035156,3557487,260208.0,2369720
2024-06-18 09:30:00-04:00,218.42999267578125,169.57000732421875,184.79400634765625,218.42999267578125,169.57000732421875,184.79400634765625,218.6300048828125,170.0,187.1999969482422,217.25999450683597,169.17999267578125,184.5500030517578,217.6100006103516,170.0,186.59500122070312,4532025,144866.0,5798451
2024-06-18 09:35:00-04:00,216.3000030517578,170.3000030517578,185.08999633789065,216.3000030517578,170.3000030517578,185.08999633789065,218.6199951171875,170.3000030517578,185.5,216.21080017089844,169.55499267578125,184.3800048828125,218.43499755859372,169.55999755859375,184.8000030517578,2771389,34287.0,2406161
2024-06-18 09:40:00-04:00,216.0500030517578,169.9600067138672,184.2449951171875,216.0500030517578,169.9600067138672,184.2449951171875,216.33999633789065,170.31419372558594,186.19000244140625,215.3000030517578,169.8300018310547,184.1300048828125,216.2899932861328,170.31419372558594,185.1100006103516,2458061,45954.0,2520771
2024-06-18 09:45:00-04:00,215.4441070556641,169.75,184.22000122070312,215.4441070556641,169.75,184.22000122070312,216.64990234375,170.05999755859375,184.30999755859372,215.30999755859372,169.7200927734375,183.22999572753903,216.03900146484372,169.97000122070312,184.25999450683597,1822902,22247.0,2850773
2024-06-18 09:50:00-04:00,215.2949981689453,169.7144012451172,184.84500122070312,215.2949981689453,169.7144012451172,184.84500122070312,215.97000122070312,169.91000366210938,185.0500030517578,215.2100067138672,169.63999938964844,184.2003936767578,215.4499969482422,169.82000732421875,184.2100067138672,1548152,22895.0,1914290
2024-06-18 09:55:00-04:00,214.6665954589844,169.47999572753906,184.5699005126953,214.6665954589844,169.47999572753906,184.5699005126953,215.4900054931641,169.67999267578125,185.6300048828125,214.52999877929688,169.3800048828125,184.47000122070312,215.29649353027344,169.67999267578125,184.83360290527344,1646468,46569.0,1753442
2024-06-18 10:00:00-04:00,214.94000244140625,169.32000732421875,184.0399932861328,214.94000244140625,169.32000732421875,184.0399932861328,215.1199951171875,169.5500030517578,184.6000061035156,214.44000244140625,169.32000732421875,183.82000732421875,214.67999267578125,169.49000549316406,184.5699005126953,1422704,20629.0,1695805
2024-06-18 10:05:00-04:00,215.8699951171875,169.05499267578125,183.7855987548828,215.8699951171875,169.05499267578125,183.7855987548828,215.93499755859372,169.32000732421875,184.5399932861328,214.92999267578125,168.97999572753906,183.57000732421875,214.9398956298828,169.32000732421875,184.01910400390625,1458783,29314.0,1446507
2024-06-18 10:10:00-04:00,215.3108062744141,169.02999877929688,184.2899932861328,215.3108062744141,169.02999877929688,184.2899932861328,215.9600067138672,169.22999572753906,184.49989318847656,215.1000061035156,169.02999877929688,183.4700927734375,215.8791961669922,169.0500030517578,183.8000030517578,1124017,33459.0,1287836
2024-06-18 10:15:00-04:00,215.1699981689453,169.06500244140625,183.6649932861328,215.1699981689453,169.06500244140625,183.6649932861328,215.5,169.1199951171875,184.3999938964844,215.0200958251953,168.97999572753906,183.5800018310547,215.32000732421875,169.01499938964844,184.2852020263672,804963,20044.0,1084855
2024-06-18 10:20:00-04:00,215.22000122070312,169.10000610351562,183.88999938964844,215.22000122070312,169.10000610351562,183.88999938964844,215.47000122070312,169.19000244140625,184.1999969482422,214.88999938964844,169.0500030517578,183.5,215.1551971435547,169.0679931640625,183.63999938964844,1121772,32286.0,1006211
2024-06-18 10:25:00-04:00,215.30999755859372,169.02000427246094,183.4739990234375,215.30999755859372,169.02000427246094,183.4739990234375,215.6699981689453,169.3300018310547,184.25,215.19000244140625,169.00999450683594,183.4600067138672,215.2100067138672,169.05999755859375,183.88999938964844,851141,39750.0,1236838
2024-06-18 10:30:00-04:00,215.5012969970703,169.0749969482422,183.5500946044922,215.5012969970703,169.0749969482422,183.5500946044922,215.54949951171875,169.27000427246094,183.9499969482422,215.1699981689453,169.0,183.2301025390625,215.30999755859372,169.00999450683594,183.47999572753903,863865,41602.0,1135677
2024-06-18 10:35:00-04:00,215.47000122070312,169.02999877929688,183.30999755859372,215.47000122070312,169.02999877929688,183.30999755859372,215.6199951171875,169.11000061035156,183.8699951171875,215.32000732421875,168.9550018310547,183.25,215.5,169.06500244140625,183.5545959472656,681219,30629.0,1154447
2024-06-18 10:40:00-04:00,215.37469482421875,169.0500030517578,182.6699981689453,215.37469482421875,169.0500030517578,182.6699981689453,215.5200042724609,169.0800018310547,183.5200042724609,215.22999572753903,168.97999572753906,182.56460571289065,215.46749877929688,169.05999755859375,183.3300018310547,750165,30602.0,1735413
2024-06-18 10:45:00-04:00,215.12249755859372,168.8800048828125,182.9499969482422,215.12249755859372,168.8800048828125,182.9499969482422,215.47000122070312,169.03500366210938,183.0399932861328,215.02999877929688,168.8800048828125,182.42999267578125,215.3699951171875,169.02000427246094,182.67999267578125,747525,27767.0,1468721
2024-06-18 10:50:00-04:00,215.27999877929688,168.8249969482422,182.42010498046875,215.27999877929688,168.8249969482422,182.42010498046875,215.33999633789065,168.9199981689453,183.08920288085935,215.0679931640625,168.6999969482422,182.41000366210935,215.1199951171875,168.89500427246094,182.94000244140625,522058,23801.0,1162195
2024-06-18 10:55:00-04:00,215.4949951171875,168.7342071533203,183.06790161132807,215.4949951171875,168.7342071533203,183.06790161132807,215.5,168.80999755859375,183.3800048828125,215.1705017089844,168.64999389648438,182.375,215.2899932861328,168.8000030517578,182.4250030517578,617056,22148.0,1327464
2024-06-18 11:00:00-04:00,215.1396026611328,168.72000122070312,182.9900054931641,215.1396026611328,168.72000122070312,182.9900054931641,215.8000030517578,168.83999633789062,183.6150054931641,215.1396026611328,168.63999938964844,182.97999572753903,215.4998016357422,168.7274932861328,183.0800018310547,1046534,40330.0,1022542
2024-06-18 11:05:00-04:00,214.91000366210935,168.72999572753906,183.4196929931641,214.91000366210935,168.72999572753906,183.4196929931641,215.17999267578125,168.8800048828125,183.57000732421875,214.8000030517578,168.7100067138672,182.8000030517578,215.1300048828125,168.72000122070312,182.9900054931641,1071426,23042.0,771416
2024-06-18 11:10:00-04:00,214.19000244140625,168.6999969482422,183.8650054931641,214.19000244140625,168.6999969482422,183.8650054931641,214.9600067138672,168.789794921875,183.88999938964844,214.1699981689453,168.58999633789062,183.1999969482422,214.9199981689453,168.7100067138672,183.38999938964844,1129467,42255.0,1036355
2024-06-18 11:15:00-04:00,213.5614013671875,168.75,183.91000366210935,213.5614013671875,168.75,183.91000366210935,214.3300018310547,168.88999938964844,184.1199951171875,213.44000244140625,168.6999969482422,183.83009338378903,214.1999969482422,168.72500610351562,183.8600006103516,1614390,38193.0,835028
